SensorID,Temperature_C,Humidity_%,Vibration_Level,CO2_PPM,Smoke_Level,Battery_Level_%
1448,14.53,27.57,0.9,961,0.96,81
1348,36.75,20.83,4.68,551,0.79,73
1869,28.82,84.22,4.18,857,0.737,96
1481,23.89,32.23,1.88,1035,0.783,63
1712,33.81,29.61,3.27,1471,0.85,97
1225,19.45,33.91,1.46,384,0.772,48
1475,42.69,38.79,3.17,1202,0.763,87
1415,42.23,81.67,1.13,1967,0.756,44
1217,39.64,68.47,3.8,1370,0.8,52
1947,33.74,30.14,2.39,695,0.047,95
1528,37.76,67.77,4.0,1530,0.267,67
1629,34.47,82.75,1.86,669,0.393,26
1776,34.27,35.25,2.26,636,0.364,75
1648,42.32,72.03,3.06,1036,0.089,22
1176,31.67,24.49,4.3,1171,0.455,74
1581,33.24,54.05,2.78,673,0.409,67
1578,33.42,67.67,0.17,1624,0.18,60
1011,14.36,20.66,0.32,1414,0.621,84
1011,40.41,70.93,1.72,1094,0.176,52
1149,27.69,69.67,4.64,578,0.845,86
1983,38.24,30.21,0.46,807,0.454,61
1228,27.41,22.2,1.14,539,0.365,62
1762,41.97,67.73,0.35,1069,0.102,83
1486,17.39,22.8,2.23,1498,0.462,36
1306,28.15,83.09,3.88,765,0.747,63
1318,27.6,69.25,3.02,406,0.909,70
1327,25.8,48.59,3.64,610,0.382,10
1870,13.65,45.22,2.36,1831,0.927,32
1913,13.87,56.62,1.95,1263,0.342,15
1702,15.04,84.65,0.47,1940,0.789,54
1485,22.48,75.32,0.26,900,0.016,56
1115,44.71,36.75,1.31,1909,0.17,35
1358,38.16,48.48,4.03,1116,0.343,64
1555,32.25,54.45,3.85,1760,0.23,23
1544,18.25,83.73,0.67,1852,0.615,39
1617,14.55,38.97,4.98,1696,0.526,28
1644,11.54,65.05,4.41,1666,0.973,60
1525,36.07,47.63,2.73,1754,0.82,88
1299,35.7,75.65,1.1,1134,0.085,18
1084,40.78,20.05,0.57,1597,0.494,34
1072,18.89,82.84,3.05,1900,0.321,77
1999,22.49,35.14,1.12,1760,0.788,33
1750,40.06,87.95,1.26,1202,0.587,23
1283,22.62,40.87,1.44,1529,0.143,46
1946,37.37,75.84,1.09,1156,0.017,60
1023,36.06,89.91,3.76,419,0.806,27
1436,13.56,80.06,4.83,1132,0.991,62
1084,28.88,31.04,3.21,1201,0.0,80
1645,39.2,21.59,3.68,1163,0.703,21
1299,29.81,21.42,1.39,1131,0.294,67
1849,18.05,87.2,4.6,644,0.932,20
1991,24.35,24.33,1.72,342,0.167,19
1764,36.09,60.18,2.38,332,0.74,53
1950,12.08,59.34,4.83,1921,0.264,81
1938,21.24,74.3,3.24,1544,0.052,73
1216,44.85,41.09,1.24,1407,0.272,35
1313,27.67,66.22,3.13,1339,0.148,53
1689,17.57,63.11,2.28,1358,0.005,85
1043,10.29,50.06,2.76,1004,0.141,18
1257,24.97,25.71,4.14,893,0.063,88
1234,25.5,27.26,4.54,1727,0.173,83
1206,35.56,48.9,2.72,303,0.296,19
1454,33.86,80.53,2.85,1179,0.596,82
1771,26.18,88.16,4.78,705,0.748,80
1371,16.48,77.08,4.59,1461,0.962,25
1968,41.28,35.19,3.11,1647,0.997,51
1876,36.19,50.69,3.01,834,0.613,13
1521,29.19,82.97,2.98,516,0.603,71
1762,20.82,46.01,4.29,463,0.773,82
1363,18.84,76.36,4.35,1662,0.82,13
1078,28.74,35.89,1.72,999,0.195,28
1016,26.75,88.02,2.4,558,0.245,93
1447,21.21,36.17,3.13,1231,0.745,38
1639,12.58,31.35,0.86,1539,0.093,14
1945,43.22,71.54,4.62,1027,0.792,43
1826,11.31,29.29,4.47,733,0.782,82
1543,20.78,85.78,0.73,531,0.649,27
1302,42.1,87.3,3.33,482,0.637,11
1052,39.77,61.38,0.89,512,0.092,83
1716,28.53,31.05,4.18,594,0.015,68
1014,32.02,22.69,1.6,1329,0.614,22
1492,41.93,30.03,1.11,420,0.404,16
1048,27.37,41.71,4.77,1943,0.177,68
1262,40.31,71.33,0.76,1383,0.599,13
1772,20.46,49.83,0.56,903,0.239,66
1599,15.51,30.66,3.31,1468,0.185,74
1835,33.27,77.57,1.46,729,0.454,32
1436,11.11,50.73,3.76,1551,0.483,50
1959,38.87,31.52,4.8,1628,0.872,77
1281,28.71,54.38,4.4,1699,0.704,13
1235,13.03,63.25,3.38,893,0.953,97
1119,13.69,73.7,1.15,1370,0.913,30
1939,27.42,84.56,0.61,715,0.591,93
1990,26.25,37.19,4.2,791,0.912,66
1667,12.98,39.84,0.26,1360,0.742,10
1022,17.08,39.91,1.99,1703,0.326,77
1372,11.69,21.72,3.78,1530,0.527,20
1078,16.73,87.46,1.42,1457,0.765,34
1551,43.71,83.12,0.41,649,0.13,36
1380,38.54,21.38,0.35,1615,0.001,10
1670,44.98,66.31,4.59,744,0.453,74
1819,34.36,35.62,2.28,1089,0.161,11
1959,21.6,83.96,3.0,1666,0.512,63
1816,15.27,65.77,2.52,1259,0.463,41
1331,21.64,32.18,0.28,1895,0.819,34
1564,13.51,35.47,2.05,1328,0.135,42
1772,23.85,29.41,4.94,992,0.747,85
1182,23.69,30.87,1.74,1898,0.372,49
1952,36.8,73.79,0.84,425,0.208,46
1294,23.58,78.94,2.49,1869,0.777,63
1334,17.44,64.08,1.71,954,0.968,64
1588,33.12,45.06,0.38,1350,0.903,90
1571,25.95,76.96,3.7,652,0.928,74
1944,42.1,84.65,0.73,940,0.818,59
1751,33.68,78.9,1.11,1025,0.643,59
1868,11.46,46.16,4.3,1519,0.906,48
1143,24.21,24.26,0.69,807,0.171,76
1150,31.76,24.55,1.79,1596,0.032,62
1071,35.57,54.47,4.79,1008,0.635,52
1143,42.6,57.51,0.92,1551,0.464,72
1112,40.61,26.8,0.61,1929,0.633,66
1817,39.89,76.49,4.39,1012,0.464,15
1255,11.54,51.36,1.14,681,0.304,82
1514,11.12,31.08,2.14,465,0.042,93
1917,44.01,78.12,2.86,1897,0.95,13
1487,35.88,82.81,0.11,1689,0.296,12
1942,12.35,65.64,1.29,749,0.248,31
1651,42.47,44.27,3.59,378,0.016,28
1927,12.41,60.02,3.57,1150,0.419,36
1316,40.75,29.46,0.8,1694,0.091,75
1879,41.84,26.16,4.24,1377,0.659,76
1889,36.31,58.66,4.71,1902,0.549,64
1186,19.44,30.43,2.76,1526,0.595,90
1250,28.74,31.34,2.09,1025,0.95,13
1610,40.28,22.3,3.04,1980,0.25,15
1801,32.32,23.22,3.53,1532,0.611,82
1754,10.16,58.29,1.0,750,0.008,44
1867,43.89,41.21,1.82,420,0.427,76
1291,27.33,21.28,2.83,1995,0.011,51
1834,32.55,39.89,4.46,1477,0.292,34
1074,30.56,52.67,2.78,1718,0.675,58
1787,18.44,25.29,4.17,872,0.998,30
1419,24.32,78.62,1.81,876,0.558,15
1012,22.11,30.84,2.43,1177,0.438,15
1388,27.87,75.39,2.61,1837,0.861,62
1385,35.09,66.6,3.56,1632,0.857,47
1774,24.38,59.46,3.61,411,0.969,84
1677,15.13,75.04,3.4,1933,0.018,43
1217,32.83,78.24,4.42,1958,0.925,13
1395,10.68,84.27,0.74,891,0.879,32
1335,43.33,31.22,1.31,1478,0.267,30
1625,28.54,27.81,1.97,623,0.711,19
1002,22.22,78.94,0.7,697,0.859,26
1066,17.78,84.41,0.46,711,0.624,84
1339,37.7,45.66,3.02,818,0.73,89
1344,31.3,48.01,2.11,857,0.08,23
1336,14.08,67.8,1.07,778,0.499,32
1432,34.32,69.47,4.46,662,0.785,44
1089,33.06,29.86,3.93,1673,0.747,87
1101,42.93,51.4,0.2,482,0.269,96
1656,12.33,69.98,0.6,1903,0.177,14
1023,31.49,68.54,3.4,1339,0.107,54
1016,22.73,32.68,4.21,637,0.491,90
1069,23.77,34.0,1.67,742,0.509,71
1205,10.9,51.73,0.75,324,0.241,24
1701,14.85,65.63,3.46,485,0.854,25
1098,40.97,76.5,4.41,829,0.997,19
1862,16.25,46.76,2.57,373,0.015,52
1120,10.25,66.57,0.19,540,0.932,97
1484,43.64,38.96,0.32,1185,0.557,55
1262,29.13,26.77,2.41,1806,0.431,24
1136,28.92,33.17,4.13,1893,0.221,43
1985,19.75,47.26,1.56,1818,0.87,64
1980,42.4,29.19,4.91,1225,0.89,61
1359,13.42,36.7,3.06,746,0.716,61
1537,13.73,66.52,2.41,1480,0.993,50
1613,26.13,83.35,0.69,1283,0.52,65
1690,20.17,68.25,0.98,376,0.737,81
1773,44.47,89.5,1.83,1781,0.429,73
1712,43.96,85.5,3.11,1108,0.764,97
1526,36.08,51.56,1.74,1490,0.814,51
1659,36.62,26.71,2.22,603,0.325,47
1579,10.89,41.13,0.56,332,0.774,96
1921,29.44,53.07,1.26,657,0.161,65
1345,33.64,80.66,1.71,1150,0.7,89
1137,29.42,27.24,1.23,599,0.797,90
1909,35.0,22.83,1.69,477,0.796,24
1799,22.55,67.54,4.62,1161,0.869,20
1774,28.41,32.13,3.51,1322,0.382,29
1061,32.92,32.65,0.7,433,0.826,17
1650,31.59,74.3,3.76,1805,0.251,73
1143,11.45,32.56,1.49,1457,0.771,76
1072,13.78,58.77,0.14,1374,0.137,65
1364,33.44,33.19,4.69,1449,0.65,90
1553,24.12,28.97,2.69,1123,0.817,85
1812,23.8,28.28,1.1,1665,0.149,17
1218,19.2,47.25,3.37,1652,0.715,57
1900,28.13,31.5,4.13,1976,0.552,74
1889,38.2,24.23,2.92,1828,0.009,52
1832,40.14,23.96,1.66,1209,0.451,68
1837,35.91,45.01,1.51,1285,0.583,14
1751,26.46,37.38,4.91,791,0.28,29
1797,12.96,56.26,3.82,933,0.377,56
1951,36.54,85.98,2.05,1315,0.136,49
1703,29.72,47.41,1.3,815,0.365,90
1152,41.04,75.55,1.29,884,0.939,32
1268,34.27,61.91,3.18,1066,0.043,38
1724,17.21,49.21,4.88,1176,0.822,58
1405,40.31,81.77,0.11,1149,0.885,52
1176,40.97,53.81,0.46,1774,0.653,26
1208,18.19,65.21,3.13,1117,0.72,10
1944,25.54,47.89,4.81,1131,0.365,26
1051,16.23,26.19,2.11,1083,0.714,87
1901,27.38,68.9,2.36,972,0.733,44
1506,22.6,21.01,2.31,1796,0.7,88
1897,34.79,37.46,1.67,684,0.401,91
1005,34.92,61.3,3.44,616,0.367,18
1732,24.01,76.73,1.74,485,0.83,80
1622,39.76,60.27,2.86,676,0.134,36
1868,18.75,55.11,3.61,1270,0.372,55
1811,10.89,34.38,1.1,539,0.906,86
1166,16.28,49.76,0.28,1126,0.093,93
1847,38.65,28.73,1.07,946,0.434,59
1209,13.3,47.85,0.58,1683,0.042,31
1422,33.69,57.69,4.71,1361,0.238,86
1514,11.49,39.44,3.94,312,0.406,46
1479,43.77,65.62,2.19,995,0.992,48
1824,32.54,78.04,1.92,926,0.643,19
1511,22.5,24.06,1.9,721,0.516,79
1850,32.42,29.17,4.75,1510,0.679,64
1126,28.15,62.89,2.64,309,0.391,66
1585,21.43,45.11,0.12,1019,0.518,82
1549,18.04,62.52,1.48,343,0.574,45
1333,10.07,54.73,0.97,445,0.343,37
1058,27.83,54.27,0.8,1397,0.421,80
1884,18.63,41.23,0.83,1746,0.747,66
1523,26.88,51.5,2.78,339,0.772,89
1493,11.15,63.97,2.36,1472,0.853,63
1092,10.26,58.81,2.96,440,0.95,76
1299,28.56,44.39,4.41,1734,0.05,71
1714,41.09,80.77,4.57,1042,0.686,34
1289,39.25,64.49,1.62,1748,0.839,64
1876,16.43,26.43,0.64,1191,0.839,58
1285,38.51,87.42,3.24,1990,0.888,54
1828,18.73,43.72,0.36,1304,0.213,89
1996,25.79,64.7,1.31,1490,0.869,64
1559,37.73,79.76,4.7,1237,0.323,94
1462,34.88,32.39,3.32,706,0.094,82
1882,11.76,78.97,1.74,363,0.002,23
1371,41.99,44.58,2.54,1434,0.229,53
1803,39.41,39.86,3.6,1300,0.724,20
1053,13.11,53.69,4.27,1469,0.359,93
1157,31.7,48.42,2.82,1791,0.919,97
1076,32.95,57.14,0.49,1660,0.583,49
1476,18.42,80.97,1.39,1428,0.794,69
1563,35.49,32.31,1.68,1738,0.284,88
1595,12.05,30.91,2.64,929,0.727,14
1529,10.88,63.06,4.88,444,0.657,70
1982,29.21,48.22,1.63,1974,0.521,90
1643,28.56,58.96,1.54,1640,0.953,69
1756,41.86,53.27,3.16,1333,0.995,22
1694,26.31,83.06,1.05,782,0.174,73
1950,13.9,28.87,0.68,407,0.122,49
1899,33.12,45.24,4.13,1242,0.62,32
1242,34.26,42.65,1.38,1040,0.508,23
1434,13.05,65.15,1.02,1256,0.358,66
1662,39.31,21.62,3.03,1103,0.534,61
1581,24.47,57.7,0.5,509,0.457,91
1064,14.92,74.66,1.02,1271,0.05,41
1070,15.57,33.09,1.41,1302,0.764,40
1859,37.77,59.85,2.5,343,0.882,16
1981,35.13,43.71,2.45,1126,0.072,83
1432,32.81,81.14,3.8,364,0.198,31
1337,32.81,30.12,3.61,1281,0.263,66
1704,37.71,38.08,3.73,1744,0.2,22
1561,22.97,62.62,2.07,523,0.554,78
1650,42.16,81.41,1.11,1435,0.346,59
1829,24.58,52.23,0.78,806,0.632,62
1056,33.87,76.93,4.39,1555,0.9,93
1618,41.19,74.67,3.24,1539,0.174,23
1362,19.54,27.57,2.68,1357,0.651,68
1460,38.7,87.51,2.88,658,0.046,46
1299,38.36,87.8,1.0,646,0.489,67
1835,43.4,43.47,3.76,928,0.865,25
1362,25.86,61.51,4.51,741,0.916,61
1537,36.74,70.29,4.91,1656,0.091,36
1621,22.56,65.35,0.4,303,0.152,80
1548,33.01,64.41,2.56,1143,0.308,69
1575,13.22,48.8,2.89,381,0.97,50
1543,28.8,87.21,1.19,934,0.545,64
1423,11.2,59.51,0.86,333,0.954,28
1763,34.0,40.01,0.19,590,0.548,90
1143,25.32,26.23,0.38,683,0.132,22
1039,44.73,76.54,4.91,641,0.949,72
1698,14.33,75.75,3.32,1749,0.393,21
1465,11.78,29.94,2.51,417,0.58,52
1168,40.25,25.41,4.84,1384,0.793,15
1365,42.16,49.9,2.52,1584,0.503,48
1183,12.76,39.01,1.56,1416,0.477,34
1303,25.86,42.15,2.96,423,0.566,79
1279,39.48,77.21,3.82,990,0.384,51
1297,31.82,25.56,4.47,813,0.933,15
1866,15.29,52.45,0.47,909,0.476,23
1269,31.5,85.24,3.61,1621,0.447,26
1178,12.49,25.75,0.79,1863,0.233,12
1958,39.12,23.08,1.68,1681,0.794,67
1337,37.21,32.67,2.45,963,0.294,22
1546,30.37,45.75,3.23,582,0.401,37
1010,21.45,43.41,4.56,1820,0.226,13
1580,17.46,75.89,4.57,975,0.956,93
1146,37.46,76.28,3.79,1208,0.551,95
1464,10.06,56.07,2.38,415,0.047,61
1397,39.62,44.7,4.68,779,0.621,40
1717,40.55,58.8,3.52,1149,0.02,24
1019,42.42,33.69,2.71,1282,0.12,96
1298,44.21,21.33,4.83,1688,0.879,62
1020,40.37,80.76,2.73,1788,0.395,88
1697,35.91,77.9,1.04,1773,0.936,52
1099,38.96,23.71,0.28,1484,0.069,66
1869,22.32,50.0,4.84,911,0.727,42
1790,21.12,72.71,4.07,963,0.951,75
1038,16.36,65.11,4.34,1697,0.537,63
1403,36.32,50.24,2.0,1721,0.682,28
1390,10.83,23.54,2.62,1162,0.166,17
1380,19.14,31.2,1.48,437,0.96,26
1977,35.43,65.21,2.32,1965,0.603,34
1900,21.23,89.87,0.69,1261,0.193,29
1336,33.39,83.02,0.72,1107,0.996,65
1939,14.21,20.69,3.32,1564,0.842,61
1174,26.53,85.21,1.65,1100,0.779,22
1577,29.08,28.85,4.3,1942,0.046,95
1810,36.76,52.47,3.53,1720,0.517,18
1024,40.07,20.79,1.5,1236,0.032,16
1642,24.82,31.91,3.41,1008,0.843,83
1071,19.71,26.28,3.61,1973,0.75,81
1148,39.13,70.84,0.85,1150,0.442,50
1619,18.12,84.12,0.78,1047,0.23,20
1419,24.39,56.46,0.97,984,0.23,42
1423,29.05,48.72,3.8,1647,0.383,45
1058,28.17,43.77,0.42,667,0.244,39
1966,36.25,48.19,0.74,676,0.08,64
1421,39.83,76.36,3.48,879,0.445,39
1093,36.42,25.25,1.29,1180,0.899,92
1060,26.62,36.98,0.78,1791,0.247,62
1928,36.83,20.82,1.3,654,0.985,62
1853,14.22,62.5,1.57,1861,0.6,66
1015,42.27,59.61,1.31,502,0.038,66
1802,28.73,31.13,3.12,618,0.243,27
1948,43.9,75.54,0.85,469,0.231,18
1013,34.16,77.74,0.88,1785,0.363,52
1384,28.43,85.33,3.93,1229,0.635,43
1946,42.53,85.96,0.7,1453,0.599,16
1310,15.04,33.55,4.76,1100,0.366,44
1327,13.57,29.62,2.42,1488,0.533,48
1976,22.9,49.75,0.99,1445,0.616,97
1988,40.37,76.52,1.03,1581,0.938,34
1284,43.87,26.47,3.84,974,0.443,46
1073,22.52,22.49,2.01,1187,0.313,81
1654,30.89,58.96,4.43,1283,0.176,57
1480,29.1,33.08,2.42,1297,0.253,48
1927,14.63,83.01,3.44,1647,0.851,66
1747,43.51,87.55,4.21,1529,0.285,31
1114,31.83,20.19,2.36,410,0.642,25
1586,40.51,57.39,2.43,942,0.996,95
1932,37.44,61.55,2.82,1692,0.003,75
1177,43.23,40.34,4.14,1233,0.627,41
1922,35.63,38.06,3.27,691,0.823,25
1102,14.63,72.47,3.85,518,0.79,54
1594,37.68,53.56,3.75,927,0.314,32
1688,41.56,38.74,0.57,491,0.033,11
1842,32.69,47.45,3.61,1562,0.193,32
1201,20.55,23.04,3.65,731,0.515,19
1457,31.23,43.84,2.02,1089,0.995,95
1784,36.81,82.01,0.42,354,0.336,66
1865,22.07,34.33,1.68,1146,0.462,57
1116,31.14,47.1,2.64,587,0.332,39
1039,20.76,89.16,3.46,1541,0.169,33
1266,25.81,31.94,1.03,647,0.978,23
1159,44.66,34.21,1.7,1100,0.844,29
1876,34.4,67.25,2.54,1161,0.557,34
1945,25.58,78.31,4.0,827,0.015,10
1955,13.17,37.27,1.73,968,0.372,93
1842,33.57,63.52,2.83,353,0.104,82
1592,27.18,48.89,0.65,1971,0.805,66
1678,13.15,44.16,2.13,529,0.725,95
1774,10.09,50.86,0.13,1795,0.252,69
1820,39.23,79.03,4.36,1007,0.08,34
1630,36.34,87.08,2.81,1604,0.651,81
1694,42.46,81.59,3.3,522,0.97,91
1261,14.73,52.03,0.95,1571,0.293,45
1514,14.06,83.25,0.86,590,0.188,10
1295,35.75,70.45,4.07,686,0.313,72
1442,37.01,20.17,4.99,1185,0.189,88
1255,19.1,73.51,2.76,787,0.699,53
1847,32.12,43.32,4.34,1291,0.827,39
1368,23.17,44.58,2.86,1053,0.543,66
1553,13.01,24.01,4.47,719,0.81,95
1999,13.01,30.55,1.22,1855,0.103,53
1029,20.35,88.29,2.28,1009,0.994,52
1564,40.78,39.72,1.52,704,0.624,94
1976,37.93,76.04,0.72,1907,0.649,32
1369,20.39,36.73,3.42,1761,0.963,56
1812,28.96,57.19,1.15,1458,0.473,94
1670,11.22,32.38,0.51,304,0.716,52
1373,28.95,77.31,2.32,1025,0.026,48
1485,10.15,31.42,4.1,1063,0.204,22
1826,32.66,46.92,3.18,736,0.424,68
1479,26.54,32.53,0.81,1378,0.129,34
1593,22.72,55.61,0.34,942,0.679,98
1577,26.27,33.49,1.12,654,0.359,76
1122,43.07,43.89,4.57,1648,0.043,78
1920,40.85,73.95,4.47,693,0.857,37
1650,15.97,47.51,2.08,414,0.354,10
1365,42.47,67.27,1.7,1115,0.805,32
1101,20.54,40.72,0.36,1499,0.084,56
1494,28.39,33.14,0.84,1593,0.83,18
1582,34.55,56.1,4.95,429,0.099,11
1126,27.72,20.09,0.92,1610,0.109,47
1210,30.91,34.62,2.33,1822,0.867,20
1024,26.15,25.05,1.68,1079,0.629,18
1076,37.86,80.15,3.07,1530,0.647,57
1445,15.52,75.95,4.73,1425,0.494,78
1059,17.75,89.57,0.88,825,0.121,26
1886,16.51,22.7,3.58,1947,0.027,12
1144,35.54,42.41,0.47,1012,0.515,74
1903,44.65,52.3,2.49,812,0.104,27
1223,34.29,78.86,0.66,1834,0.519,14
1257,15.38,84.68,1.6,1573,0.312,79
1195,37.75,41.07,4.63,434,0.031,48
1109,43.17,73.53,0.68,880,0.352,42
1539,15.49,73.21,2.9,1188,0.285,53
1016,11.96,37.21,2.7,1442,0.437,82
1937,32.76,57.03,1.37,1848,0.127,35
1114,39.05,37.25,4.25,978,0.475,72
1338,18.78,78.9,3.32,1495,0.065,79
1429,25.57,81.83,1.58,391,0.571,94
1201,21.78,72.14,1.32,609,0.944,81
1830,30.11,77.39,0.94,1263,0.668,60
1033,15.9,31.99,1.45,881,0.935,93
1617,18.12,69.48,1.98,452,0.489,18
1235,34.38,22.38,2.43,1570,0.281,49
1783,27.38,45.06,3.81,1327,0.06,88
1288,16.98,41.91,1.68,501,0.361,34
1330,27.46,49.97,1.37,502,0.607,94
1745,38.62,63.07,4.29,1980,0.794,53
1973,42.37,70.42,4.59,1060,0.136,13
1397,33.06,82.18,4.92,1742,0.744,89
1946,40.92,49.78,4.91,1477,0.694,81
1597,41.6,35.6,4.6,996,0.808,55
1879,33.36,47.03,2.71,1925,0.484,27
1169,38.04,42.87,1.67,748,0.804,22
1304,18.76,47.45,1.76,862,0.575,94
1144,42.53,69.69,2.33,500,0.308,21
1071,32.29,81.92,0.19,500,0.48,93
1795,36.53,24.36,1.07,1060,0.356,35
1304,32.67,44.44,2.34,1164,0.998,87
1690,32.62,55.53,1.48,1051,0.533,16
1444,42.53,75.13,3.19,890,0.237,86
1496,26.19,20.66,0.79,1612,0.733,54
1355,33.85,30.9,0.31,1263,0.045,41
1174,29.5,29.22,2.38,1264,0.686,32
1691,10.88,89.52,3.62,434,0.154,72
1631,19.55,35.36,1.47,1377,0.933,99
1640,23.71,29.43,4.97,1009,0.681,73
1060,44.39,81.97,0.46,1032,0.187,12
1327,30.79,88.68,3.53,652,0.461,15
1899,22.68,56.62,1.22,1657,0.693,73
1858,29.17,84.05,4.47,1665,0.11,45
1821,21.32,43.8,4.76,1515,0.001,88
1754,37.51,89.45,3.86,1423,0.776,13
1861,10.03,54.65,1.96,1397,0.754,21
1830,19.4,74.82,0.53,945,0.75,93
1356,17.36,66.18,1.23,1251,0.202,34
1258,40.58,43.95,1.11,1856,0.481,34
1083,33.93,71.68,3.45,1333,0.328,32
1248,17.22,61.58,0.18,1236,0.068,82
1782,43.67,60.65,0.95,856,0.984,88
1539,27.2,81.91,3.51,1820,0.883,55
1341,20.99,46.91,4.65,1478,0.731,47
1461,12.63,60.39,0.52,657,0.632,92
1797,36.66,66.46,3.52,1946,0.491,90
1348,41.04,56.62,0.39,507,0.78,40
1491,41.42,83.82,3.04,573,0.224,93
1506,41.91,75.66,2.86,1156,0.95,65
1582,43.42,87.61,0.21,1047,0.569,96
1736,42.76,31.14,4.0,1770,0.589,43
1565,21.39,59.34,3.94,702,0.246,59
1511,37.97,42.97,0.39,1998,0.879,99
1670,35.62,41.76,2.84,1578,0.688,87
1744,14.97,29.13,4.82,747,0.755,27
1048,42.38,74.35,1.17,1437,0.657,88
1848,41.58,47.75,1.28,618,0.588,90
1698,33.11,36.73,4.78,487,0.251,91
1455,41.81,65.64,2.86,1767,0.075,67
1404,15.11,80.74,3.8,1526,0.544,73
1156,19.37,38.36,4.69,1585,0.546,55
1904,27.43,36.38,4.33,1199,0.105,18
1506,26.62,54.06,0.75,861,0.095,52
1259,10.01,49.11,2.51,1893,0.427,30
1058,19.5,36.01,0.11,1055,0.435,12
1408,28.28,66.12,1.28,1172,0.589,86
1838,14.56,36.49,1.83,312,0.871,19
1291,38.37,41.74,3.43,1871,0.235,65
1018,26.21,38.73,3.81,1791,0.068,61
1167,43.81,71.5,2.56,809,0.682,48
1883,21.24,43.92,4.61,904,0.708,22
1037,38.88,71.75,4.87,772,0.577,67
1650,31.07,26.11,2.13,1943,0.964,49
1208,13.02,51.42,2.49,1127,0.764,12
1067,15.82,48.0,2.1,1172,0.954,57
1395,39.22,48.82,3.01,1209,0.436,44
1353,32.73,47.4,1.99,1369,0.091,64
1102,33.48,82.07,4.46,1140,0.025,46
1048,21.17,55.09,3.09,1650,0.138,54
1005,17.77,30.97,2.73,1353,0.476,43
1262,36.54,29.47,1.25,783,0.857,40
1076,36.08,22.38,0.72,1119,0.827,55
1885,36.19,71.11,4.02,859,0.089,16
1542,27.13,46.86,1.69,1510,0.404,68
1575,10.51,58.7,2.39,955,0.986,87
1593,34.35,65.21,2.67,1919,0.848,81
1633,12.39,81.51,1.44,799,0.485,19
1045,14.63,35.8,1.49,1411,0.829,56
1516,42.23,43.67,0.16,633,0.1,15
1425,43.42,43.56,4.04,1032,0.244,77
1369,30.17,61.04,1.52,720,0.219,56
1738,40.04,76.62,2.22,1628,0.032,62
1127,13.25,25.35,4.47,379,0.128,78
1344,24.4,62.95,3.82,1303,0.526,70
1774,24.04,65.29,2.5,475,0.61,86
1851,20.93,42.97,3.08,1430,0.523,15
1152,13.26,73.73,2.17,431,0.109,84
1563,31.57,21.51,1.78,420,0.308,77
1666,30.24,40.69,1.69,1045,0.97,89
1710,34.45,31.84,2.8,731,0.461,33
1637,34.78,26.69,4.15,1141,0.686,34
1427,35.05,26.53,1.06,1895,0.495,98
1328,11.71,72.84,0.43,1650,0.863,43
1878,38.62,23.93,1.09,409,0.292,64
1885,12.49,46.07,1.61,1185,0.381,84
1856,10.12,59.81,2.93,1766,0.497,36
1269,41.35,86.16,4.02,1524,0.904,25
1168,35.1,84.57,2.17,1663,0.009,63
1614,44.34,22.61,4.18,555,0.264,35
1019,30.45,43.87,2.38,940,0.766,88
1719,37.8,75.62,1.32,624,0.313,50
1151,32.64,89.46,3.6,374,0.001,55
1752,28.52,38.26,2.51,1398,0.068,19
1174,27.42,43.01,0.94,1491,0.732,37
1981,23.68,31.11,3.93,812,0.156,61
1089,32.12,83.46,2.08,1121,0.205,48
1255,31.58,54.23,4.67,1387,0.587,36
1244,40.21,73.54,4.28,1193,0.774,84
1886,30.99,86.17,3.47,1440,0.573,59
1413,14.33,83.08,1.76,886,0.011,44
1212,16.65,52.93,4.38,1059,0.729,61
1953,20.46,26.89,0.1,341,0.738,43
1120,10.42,87.58,4.81,1588,0.952,13
1032,30.3,29.6,3.97,565,0.615,50
1476,40.53,86.73,3.43,760,0.379,26
1702,40.51,88.05,0.64,1687,0.076,97
1675,13.89,33.11,3.84,652,0.177,18
1237,39.57,88.32,1.11,711,0.013,37
1220,24.35,21.41,1.23,1816,0.604,51
1990,41.05,46.12,0.44,1018,0.509,14
1938,40.99,75.15,0.33,1997,0.765,85
1306,41.22,64.0,0.16,1029,0.186,24
1837,33.91,41.27,3.79,1217,0.438,90
1968,27.4,51.49,0.95,1540,0.755,17
1107,11.76,45.01,3.56,787,0.939,52
1623,18.48,79.48,4.07,1449,0.091,30
1658,22.1,52.74,4.81,1761,0.671,62
1755,44.67,81.52,0.52,1115,0.089,99
1756,10.02,71.98,4.02,1231,0.395,96
1617,33.45,47.76,0.61,459,0.622,28
1404,31.13,64.35,3.4,975,0.85,57
1603,10.87,57.76,0.34,730,0.713,73
1341,24.88,59.58,2.22,1163,0.422,65
1784,18.73,26.78,2.6,330,0.953,33
1852,22.46,34.27,2.5,990,0.457,82
1219,25.84,23.63,0.5,393,0.369,57
1842,17.07,26.73,0.6,826,0.062,40
1122,16.64,21.4,3.01,1360,0.794,99
1433,44.3,72.18,1.95,1138,0.961,73
1115,42.04,32.09,4.14,1530,0.527,15
1833,36.75,22.57,2.35,737,0.278,58
1427,17.29,35.49,0.14,348,0.204,28
1586,23.6,20.2,4.46,1019,0.031,83
1717,14.12,63.91,1.26,1946,0.645,86
1964,22.5,40.83,4.21,1043,0.397,28
1893,12.01,82.91,2.21,928,0.887,69
1919,26.93,79.19,1.83,796,0.146,25
1910,23.54,43.32,4.77,735,0.238,88
1221,44.79,72.57,0.86,926,0.05,18
1481,30.9,42.82,4.26,1438,0.752,26
1822,31.73,29.03,3.42,783,0.385,67
1635,26.03,38.13,3.17,1071,0.279,34
1649,43.3,29.17,4.89,1424,0.317,40
1859,31.72,23.08,4.23,714,0.041,69
1923,25.81,54.78,0.43,1474,0.263,51
1802,34.45,80.74,0.24,1590,0.701,29
1879,19.61,75.51,1.7,1052,0.492,84
1678,25.19,74.68,1.66,1707,0.949,60
1668,42.6,66.56,2.26,1066,0.445,88
1670,44.81,25.31,2.11,800,0.857,75
1283,12.84,51.18,3.78,1128,0.569,37
1246,29.12,46.08,4.34,885,0.728,93
1077,19.98,41.39,0.83,1746,0.762,66
1361,31.8,71.19,3.14,1918,0.703,41
1458,16.26,88.65,1.47,1284,0.822,60
1347,39.2,37.67,0.39,1138,0.583,39
1251,21.86,75.95,2.29,320,0.086,13
1827,34.83,78.1,4.11,1246,0.167,81
1425,37.83,52.05,4.75,1842,0.403,69
1487,23.8,52.82,4.46,1983,0.89,44
1741,44.09,52.95,4.79,423,0.366,35
1174,13.54,29.94,1.62,450,0.468,55
1966,34.34,31.4,2.74,1309,0.966,88
1169,23.84,46.95,3.27,1433,0.511,68
1545,17.83,73.0,1.42,1917,0.823,43
1841,25.36,85.65,0.5,582,0.631,29
1246,11.49,89.05,2.81,1610,0.082,99
1712,23.68,48.33,4.13,364,0.625,82
1666,43.11,80.1,1.14,1811,0.293,72
1988,11.2,49.94,1.54,1422,0.914,91
1329,17.16,32.31,4.76,680,0.703,70
1433,29.55,24.43,1.77,330,0.371,79
1151,33.25,50.33,4.47,1105,0.062,20
1074,23.31,49.89,0.13,1185,0.714,82
1151,43.84,22.46,0.71,376,0.843,28
1435,43.93,88.77,2.35,1807,0.931,38
1198,38.87,56.96,1.66,575,0.005,66
1706,24.38,33.61,1.92,476,0.758,48
1044,37.29,52.27,1.3,1091,0.077,73
1643,24.7,66.77,1.39,1847,0.181,41
1616,34.46,82.18,3.76,861,0.933,23
1081,16.23,73.5,3.18,877,0.087,43
1270,35.02,67.33,2.92,435,0.075,78
1605,41.27,52.73,1.39,1584,0.768,85
1485,26.19,68.21,3.86,1992,0.234,22
1233,28.42,54.84,2.18,1868,0.509,87
1155,17.08,87.18,1.68,1287,0.799,46
1740,16.57,56.97,4.66,1169,0.359,71
1826,10.59,45.2,1.09,1023,0.852,25
1067,31.55,58.32,0.53,1121,0.268,47
1085,16.64,29.31,1.03,1557,0.381,44
1280,15.37,88.65,1.11,1898,0.576,40
1330,28.54,24.01,0.18,676,0.601,99
1158,41.84,27.02,4.02,304,0.398,33
1009,33.02,40.21,2.29,1173,0.101,40
1256,24.51,37.94,0.12,1515,0.447,70
1292,18.59,57.82,0.36,1059,0.165,17
1099,26.73,60.97,2.25,1089,0.1,78
1661,25.38,27.51,1.36,1085,0.371,14
1648,17.8,33.68,4.85,1705,0.633,83
1959,18.53,72.43,1.36,1579,0.102,69
1684,44.9,50.6,4.49,1008,0.987,47
1080,37.98,25.51,4.12,1583,0.604,64
1642,41.71,23.3,2.6,1338,0.559,42
1328,43.25,26.88,1.27,1878,0.841,30
1258,39.54,49.12,2.25,1089,0.207,23
1884,14.65,90.0,0.23,338,0.863,22
1289,41.08,83.73,0.82,1089,0.047,79
1776,21.01,59.09,3.8,624,0.302,98
1263,41.37,62.56,2.05,690,0.472,86
1448,44.24,79.79,4.33,1520,0.538,10
1218,10.62,34.93,0.51,1482,0.197,32
1481,43.89,82.12,1.64,519,0.099,27
1489,38.08,89.93,1.85,1658,0.235,17
1816,35.36,78.46,2.75,745,0.306,15
1475,14.21,64.18,1.53,856,0.946,32
1240,35.61,52.85,0.22,1695,0.88,26
1872,35.29,44.31,0.16,1443,0.019,54
1253,43.57,52.3,3.1,1634,0.006,82
1500,31.53,56.76,4.14,841,0.427,80
1472,37.18,30.33,0.1,460,0.307,51
1356,35.13,86.88,1.61,707,0.595,12
1062,13.23,49.11,0.87,751,0.378,97
1924,24.23,50.04,2.74,1480,0.686,48
1543,34.66,59.56,2.73,1590,0.671,17
1993,16.95,85.96,1.73,1676,0.061,73
1927,41.38,37.26,4.65,1458,0.721,67
1454,39.47,67.97,1.24,1427,0.137,66
1314,42.79,27.05,3.12,887,0.285,55
1379,32.91,59.08,3.24,1574,0.981,24
1487,24.44,56.76,2.75,1733,0.628,83
1457,20.03,22.72,0.36,949,0.036,31
1679,20.19,89.93,2.97,968,0.703,21
1897,39.41,67.99,2.1,1915,0.834,57
1133,15.77,72.49,1.16,929,0.326,28
1439,24.56,24.98,2.3,1978,0.596,91
1599,41.11,70.54,1.36,1540,0.75,92
1801,12.67,39.4,0.33,1417,0.082,62
1149,27.6,81.61,2.32,1399,0.471,96
1263,37.99,25.12,0.45,1453,0.623,96
1093,18.86,44.2,4.56,438,0.211,63
1605,18.76,56.05,3.51,1652,0.074,78
1285,13.21,80.61,0.57,1561,0.542,71
1246,18.73,26.38,3.71,738,0.853,86
1143,11.91,28.86,0.5,936,0.971,44
1710,13.34,34.64,3.67,810,0.049,91
1489,42.56,89.76,2.95,407,0.629,37
1370,28.04,75.88,1.01,440,0.121,42
1304,18.6,76.35,4.56,466,0.942,72
1077,23.59,40.96,1.11,594,0.528,99
1344,41.56,63.22,0.75,1837,0.584,14
1463,40.83,78.94,0.71,461,0.068,28
1737,16.84,77.39,1.4,401,0.698,34
1788,11.34,24.3,3.65,962,0.997,26
1504,13.61,29.5,3.94,1331,0.913,12
1227,44.62,37.31,1.88,620,0.385,69
1362,22.25,20.09,1.95,798,0.791,93
1961,32.72,25.06,1.54,1948,0.788,14
1833,30.96,73.37,0.51,1160,0.108,28
1360,14.02,73.41,4.62,952,0.134,94
1124,36.56,72.23,1.41,1361,0.974,94
1859,38.32,56.45,4.74,831,0.773,42
1604,38.4,54.02,3.8,1412,0.446,45
1373,11.52,35.86,1.03,1763,0.569,54
1981,12.0,65.12,2.88,1419,0.322,16
1643,10.55,39.48,3.5,1663,0.06,36
1570,33.82,57.35,0.36,577,0.403,30
1615,43.21,32.87,1.06,770,0.634,15
1879,37.6,41.28,2.05,1910,0.458,36
1977,33.39,34.16,2.62,322,0.946,56
1505,31.75,77.76,3.43,630,0.644,32
1608,37.82,59.36,4.68,1596,0.411,20
1783,30.18,60.78,0.18,514,0.765,58
1628,23.29,35.34,3.25,1964,0.179,57
1473,22.02,74.06,4.53,1062,0.316,51
1474,44.98,89.11,3.29,687,0.124,15
1874,16.42,56.2,2.15,1396,0.757,97
1133,42.11,75.21,0.41,841,0.447,19
1987,43.21,37.12,1.71,1941,0.246,91
1954,22.47,62.94,4.01,1620,0.548,66
1952,10.42,42.25,3.45,1562,0.171,88
1669,10.78,76.37,2.57,1520,0.125,66
1972,22.0,35.11,0.27,655,0.788,84
1244,16.35,59.03,0.88,1111,0.167,89
1864,33.44,33.67,3.94,1918,0.784,30
1407,24.51,76.68,2.17,528,0.523,83
1161,26.0,74.14,0.14,591,0.238,49
1051,33.88,51.05,1.59,1670,0.09,97
1793,10.12,50.27,4.9,1382,0.168,75
1566,21.37,61.18,2.64,1371,0.88,66
1395,24.59,24.69,3.4,617,0.477,24
1053,12.29,58.85,0.46,1077,0.353,38
1417,38.5,20.7,2.03,711,0.979,69
1137,43.97,87.59,1.67,744,0.777,66
1262,15.59,66.92,1.97,763,0.26,80
1457,16.94,41.09,3.86,367,0.403,49
1220,33.38,84.39,2.77,1470,0.628,96
1866,16.53,37.12,3.61,350,0.584,60
1434,24.49,52.24,3.92,361,0.077,76
1812,39.9,62.92,3.81,1463,0.904,66
1732,40.45,65.07,4.12,1114,0.967,56
1603,12.49,69.27,0.45,888,0.899,70
1685,19.58,79.89,4.85,536,0.379,75
1976,17.62,44.53,1.62,1376,0.959,90
1855,40.29,20.62,2.3,1657,0.701,24
1469,21.1,63.32,2.98,828,0.145,88
1475,36.97,65.46,1.55,809,0.457,63
1627,39.5,65.13,2.96,1992,0.741,18
1016,40.65,48.75,0.7,1276,0.236,49
1507,40.67,56.8,1.83,1115,0.192,68
1133,11.13,82.15,4.48,1181,0.669,21
1428,17.19,36.8,2.0,1467,0.41,74
1023,11.96,33.83,4.19,946,0.784,29
1844,40.24,45.36,1.86,1471,0.173,22
1905,43.97,21.98,1.14,342,0.707,83
1494,24.75,66.12,2.97,777,0.492,20
1909,14.72,44.43,3.0,577,0.078,33
1247,36.61,89.66,2.68,757,0.197,99
1747,30.54,44.63,4.56,630,0.591,26
1321,43.83,62.72,0.34,1926,0.418,29
1724,38.62,89.14,3.41,1194,0.468,32
1273,31.28,55.05,0.92,1805,0.787,98
1595,29.14,86.75,2.81,1512,0.529,49
1207,44.16,55.89,1.78,1974,0.147,92
1992,18.89,60.05,1.95,1591,0.033,77
1296,41.83,33.24,0.44,578,0.563,51
1205,38.85,35.44,1.99,1188,0.935,27
1021,29.62,80.55,4.01,1877,0.376,38
1097,12.08,48.82,1.64,1819,0.663,32
1003,12.47,67.76,2.73,1822,0.421,88
1411,37.6,34.43,3.85,1468,0.26,64
1503,30.53,68.33,0.76,420,0.985,98
1280,20.98,81.71,2.73,1455,0.301,33
1218,36.62,46.43,3.11,364,0.376,94
1681,32.0,31.92,2.71,457,0.873,13
1213,42.72,42.72,4.79,732,0.537,24
1967,35.08,45.62,1.0,1069,0.106,76
1364,13.25,21.07,4.23,1137,0.418,22
1725,41.89,47.7,2.0,916,0.899,96
1487,30.08,68.2,4.26,1343,0.234,61
1991,22.99,60.66,5.0,1384,0.528,26
1553,27.54,58.6,2.88,519,0.842,14
1101,18.21,35.05,1.66,303,0.849,85
1762,38.84,54.99,2.81,1651,0.954,34
1834,18.07,46.9,1.89,1981,0.493,83
1362,25.39,66.29,0.38,1176,0.706,38
1028,42.16,34.65,1.65,792,0.085,41
1949,38.82,46.6,3.92,1535,0.16,54
1511,21.99,38.48,1.15,1455,0.673,56
1733,32.56,81.15,4.49,626,0.007,42
1977,34.08,52.45,2.12,1533,0.297,83
1600,16.36,50.04,4.81,1543,0.19,37
1118,43.73,61.01,1.16,1871,0.494,99
1102,33.21,59.03,1.57,485,0.253,24
1243,42.05,77.73,2.3,961,0.933,68
1748,17.67,28.21,4.74,1224,0.204,83
1107,11.4,70.76,4.58,463,0.727,56
1112,19.55,46.0,3.45,1502,0.471,32
1190,29.9,44.01,3.34,928,0.458,58
1777,24.35,28.29,1.05,1492,0.296,72
1984,33.72,37.44,1.85,302,0.55,15
1942,31.76,60.86,0.68,1033,0.614,39
1298,33.26,41.14,2.45,715,0.032,92
1030,43.86,78.94,1.69,899,0.623,69
1210,28.81,82.4,4.91,896,0.441,56
1104,37.91,62.16,0.19,1073,0.068,24
1550,15.75,37.72,3.94,1121,0.333,21
1229,41.9,67.22,2.33,1435,0.142,20
1272,12.27,50.31,4.79,443,0.951,48
1211,38.97,84.65,3.56,483,0.451,82
1388,13.55,79.55,3.35,1005,0.486,15
1352,40.5,62.7,2.02,717,0.511,53
1689,41.16,38.08,2.29,1660,0.169,10
1481,20.72,85.73,0.38,1354,0.887,56
1232,40.13,37.8,0.79,1055,0.221,38
1212,40.54,84.18,4.12,1781,0.153,30
1951,41.5,32.51,2.31,1357,0.944,15
1904,18.07,70.6,1.73,998,0.689,95
1278,35.28,69.8,4.34,412,0.673,13
1496,39.8,60.76,3.95,801,0.677,91
1906,13.12,74.07,4.45,1270,0.712,47
1982,16.41,87.76,2.0,818,0.034,40
1116,10.66,68.06,0.17,686,0.266,35
1673,20.8,20.79,1.11,589,0.238,64
1511,12.57,84.99,4.59,1317,0.254,64
1168,44.28,21.09,1.96,868,0.025,57
1445,35.42,28.66,0.32,1304,0.376,69
1957,19.2,34.98,2.08,431,0.173,67
1511,25.89,27.99,3.2,1525,0.208,30
1153,10.42,56.95,2.47,1218,0.31,31
1081,24.93,41.81,3.79,312,0.349,29
1561,29.5,63.16,0.91,1056,0.536,53
1794,16.44,44.75,1.21,1045,0.2,45
1215,20.68,81.38,3.22,528,0.772,19
1768,39.85,24.3,1.52,1264,0.467,72
1202,39.3,46.85,0.7,1105,0.829,16
1911,13.85,53.84,2.92,526,0.948,23
1775,16.89,31.78,4.71,1657,0.327,74
1473,35.86,37.34,4.19,449,0.64,50
1721,18.71,87.66,1.5,1551,0.531,11
1907,10.34,51.01,1.97,1719,0.018,71
1719,23.69,43.35,4.56,1740,0.69,80
1823,10.6,83.2,0.37,1523,0.22,87
1492,15.36,45.65,2.71,1911,0.259,93
1293,38.74,42.89,0.66,1369,0.882,77
1355,20.9,51.23,4.39,1715,0.39,85
1517,30.13,28.84,3.05,1480,0.362,14
1524,27.21,30.56,3.87,1152,0.804,65
1001,28.84,60.41,0.53,1758,0.654,96
1371,21.8,45.4,1.88,1539,0.059,50
1660,39.58,88.06,3.42,1655,0.168,70
1959,25.08,37.13,4.58,1204,0.22,67
1329,38.21,56.73,4.12,1857,0.044,89
1077,30.7,38.97,3.57,1714,0.999,50
1471,40.37,58.87,1.03,1997,0.925,35
1280,29.74,46.26,2.28,1090,0.187,43
1463,31.48,78.92,1.21,749,0.389,20
1401,11.9,48.9,4.32,1024,0.302,50
1778,11.44,21.29,0.71,556,0.157,84
1635,11.99,34.63,1.35,709,0.325,77
1908,17.65,67.29,2.41,647,0.254,45
1451,25.71,73.48,4.81,759,0.106,73
1486,32.91,68.73,2.6,1428,0.049,57
1850,23.86,57.03,0.32,888,0.848,49
1482,26.85,55.76,4.52,565,0.04,44
1370,30.98,26.06,3.35,1985,0.731,64
1879,43.43,55.95,1.44,960,0.267,61
1701,21.39,76.63,2.58,1311,0.803,73
1963,42.33,42.53,3.76,1039,0.408,15
1382,36.71,56.01,3.0,760,0.196,29
1183,28.65,25.22,3.53,1513,0.289,45
1072,44.18,24.8,3.46,1331,0.668,64
1459,10.34,73.61,2.73,1326,0.96,68
1864,41.09,83.13,1.47,1302,0.97,94
1721,27.61,37.46,0.39,564,0.982,87
1588,10.44,32.85,4.83,1853,0.03,32
1444,36.79,37.94,0.2,531,0.485,56
1677,27.91,69.94,0.68,1594,0.331,82
1359,14.32,67.35,0.88,1490,0.403,92
1254,26.53,87.45,2.41,1445,0.128,17
1517,14.68,87.98,3.8,1784,0.92,63
1739,14.42,23.09,3.38,977,0.644,12
1731,28.77,76.58,2.38,1034,0.727,27
1714,19.34,71.34,0.9,651,0.905,33
1763,11.54,66.03,4.16,833,0.563,24
1155,21.82,76.49,1.89,899,0.012,94
1752,22.84,73.0,2.32,463,0.819,30
1761,24.26,69.92,1.8,1232,0.066,86
1930,27.37,50.02,0.71,416,0.976,50
1030,17.27,58.25,1.69,1473,0.346,73
1870,34.81,69.51,1.43,1548,0.832,64
1396,33.36,86.86,0.29,1347,0.016,97
1056,44.72,76.9,4.03,1368,0.179,73
1373,21.46,41.21,4.19,725,0.587,69
1988,24.11,87.64,3.84,700,0.892,66
1596,33.43,55.24,2.77,1859,0.143,94
1421,20.94,61.03,3.11,1599,0.753,70
1691,26.28,51.63,3.22,839,0.71,38
1773,25.0,76.25,1.86,300,0.478,62
1821,42.88,82.02,3.86,1396,0.568,41
1171,29.41,82.64,4.63,1175,0.576,56
1286,28.61,75.19,4.53,1315,0.504,85
1456,20.18,47.6,4.87,1725,0.213,24
1335,13.25,41.68,4.94,1730,0.726,32
1532,21.45,57.57,3.74,1456,0.817,36
1674,43.94,46.72,1.48,1240,0.725,63
1206,35.37,42.59,4.23,1299,0.827,45
1960,24.96,29.23,1.05,1751,0.255,20
1663,16.12,38.34,4.16,1756,0.853,69
1556,11.96,44.76,2.91,1903,0.933,25
1593,25.09,21.33,1.04,911,0.37,47
1509,17.71,27.66,4.11,1763,0.287,76
1590,20.81,51.91,2.14,1184,0.514,39
1483,25.52,22.19,2.64,1988,0.192,87
1751,14.73,36.03,2.68,1420,0.413,33
1236,19.98,56.44,1.62,1514,0.572,88
1890,27.51,73.75,4.81,1928,0.277,43
1601,18.25,31.38,2.11,571,0.996,23
1063,13.3,39.02,2.99,607,0.143,58
1061,41.09,22.82,0.41,339,0.166,33
1930,39.22,63.22,3.95,1159,0.319,96
1366,43.6,55.78,1.92,394,0.448,96
1294,27.83,63.87,4.5,1397,0.172,73
1967,21.55,39.68,0.22,961,0.597,60
1194,21.09,44.49,3.52,374,0.701,19
1221,20.77,75.37,1.2,1958,0.996,97
1844,38.23,63.42,1.75,664,0.647,66
1588,44.64,35.14,3.78,1870,0.075,28
1454,22.93,87.57,4.92,1276,0.294,78
1890,30.89,87.59,1.14,1666,0.906,46
1501,38.71,89.14,2.34,1251,0.642,67
1939,36.08,31.3,3.5,1626,0.59,10
1640,24.6,75.34,1.9,1716,0.699,30
1662,30.54,40.82,0.3,1031,0.931,55
1977,12.45,44.82,3.95,1288,0.664,89
1930,15.6,24.28,2.85,1014,0.184,70
1252,19.56,60.71,4.7,619,0.137,61
1666,18.1,67.22,1.91,1144,0.935,97
1368,29.88,63.56,2.74,1703,0.356,36
1781,40.43,38.24,0.52,508,0.505,27
1063,28.86,52.24,1.6,939,0.64,99
1015,30.89,41.5,4.02,436,0.124,54
1430,12.19,35.19,4.42,1165,0.813,37
1821,35.98,23.05,3.66,1751,0.426,20
1625,26.62,37.54,4.63,340,0.195,96
1443,11.68,25.38,2.54,1913,0.768,79
1632,19.38,71.4,1.4,1716,0.389,19
1360,24.95,45.09,4.56,673,0.1,23
1908,43.69,53.32,1.48,1363,0.82,65
1902,25.07,54.02,2.61,1227,0.849,98
1134,17.24,39.58,1.69,1085,0.086,81
1564,20.08,73.44,0.99,1524,0.72,84
1086,43.84,33.63,1.1,390,0.096,74
1758,40.9,86.92,0.25,1249,0.267,62
1811,41.49,88.49,4.07,380,0.974,97
1010,40.15,71.65,0.58,778,0.183,82
1776,30.42,20.85,4.12,346,0.163,21
1792,11.87,30.57,1.59,817,0.519,49
1943,36.69,30.66,2.48,1870,0.468,98
1246,40.01,89.75,1.73,621,0.351,76
1471,38.56,73.21,2.22,1745,0.881,48
1521,21.21,58.19,0.87,1059,0.22,65
1151,12.99,80.99,0.15,842,0.221,45
1985,23.16,47.42,0.75,900,0.37,27
1834,10.48,34.5,0.65,1394,0.542,38
1973,33.54,72.01,3.04,1199,0.005,37
1757,24.54,70.41,2.64,1528,0.289,94
1680,16.56,57.76,2.37,1060,0.458,35
1156,17.34,28.49,3.63,1054,0.163,94
1121,39.46,85.74,2.63,1837,0.634,14
1878,16.12,34.81,4.17,1244,0.7,69
1969,21.34,34.4,3.06,836,0.89,92
1023,13.65,36.45,0.34,1211,0.373,73
1673,11.28,44.11,2.54,1579,0.994,11
1906,39.12,48.6,1.66,930,0.634,90
1440,14.41,34.87,4.26,369,0.704,29
1140,10.87,21.68,3.76,497,0.726,42
1282,37.53,27.51,0.13,516,0.024,69
1373,15.51,40.26,3.43,1841,0.148,35
1342,20.2,30.83,3.91,1117,0.946,49
1619,15.58,76.04,2.04,1731,0.237,12
1198,40.57,85.14,0.6,977,0.918,24
1027,17.93,21.2,4.57,1719,0.445,20
1164,15.63,65.98,2.8,1817,0.45,80
1611,20.81,60.09,2.7,1913,0.698,72
