Engine_Size,Horsepower,Age,Mileage,Brand_Rating,Price
3.17,228,3,79895,2.09,-586.62
2.11,221,10,63977,1.51,-448.13
2.7,264,14,7265,3.91,143.04
4.38,153,6,198296,1.95,-1705.44
1.02,299,7,123556,2.92,-1067.92
1.49,395,0,115895,1.21,-913.96
3.68,139,10,195303,3.01,-1702.82
4.3,397,11,190396,1.48,-1566.09
1.55,224,4,65838,4.35,-481.53
3.3,205,7,67639,4.28,-418.86
4.57,189,8,182589,2.49,-1508.14
1.84,109,14,22347,1.4,-108.81
1.74,374,3,115124,1.04,-928.97
1.43,231,6,134195,3.24,-1181.63
1.88,271,12,191293,3.24,-1725.29
4.91,284,13,110927,4.16,-737.61
4.25,253,12,133158,1.42,-1071.04
1.69,194,13,14177,1.43,9.46
4.26,389,9,48842,3.92,-136.33
2.1,133,0,100923,3.94,-771.31
2.73,136,14,91693,2.98,-709.61
4.76,323,1,142131,4.46,-1033.06
4.27,305,3,78293,2.17,-529.63
2.34,232,13,110838,4.25,-908.87
1.7,81,7,33647,1.03,-239.43
2.49,291,9,69252,3.34,-466.8
1.02,378,6,101271,2.83,-852.79
2.01,290,8,109935,1.8,-908.81
4.18,160,12,148680,1.61,-1240.1
1.06,246,6,110650,1.01,-949.23
3.4,116,4,44080,4.59,-184.64
3.42,254,5,115504,1.6,-898.87
1.42,74,6,171350,3.82,-1588.75
2.53,201,7,121165,4.85,-960.75
1.15,278,13,112692,4.93,-983.71
4.56,162,12,177318,1.82,-1495.97
4.92,73,10,151583,4.89,-1215.74
1.24,250,0,157590,2.39,-1386.89
4.56,252,13,85232,3.48,-485.72
3.31,283,10,86476,4.53,-584.82
3.97,235,6,144161,3.28,-1112.97
3.52,224,7,81383,3.61,-541.54
3.33,179,7,177210,2.02,-1553.39
1.08,351,8,115922,1.87,-981.9
1.84,223,8,31514,3.88,-113.98
3.18,234,7,134639,3.81,-1061.14
4.08,365,6,183884,4.54,-1513.19
2.0,124,10,38413,1.43,-273.53
2.14,74,3,54416,3.37,-374.69
4.41,322,11,27595,1.03,37.12
4.9,104,6,142498,1.87,-1151.26
4.54,161,7,99485,1.45,-706.97
2.44,112,10,5164,2.18,106.39
3.4,382,8,192396,4.58,-1590.38
2.42,207,0,5677,2.27,164.15
2.36,337,9,17522,2.72,53.79
1.71,380,9,181105,2.6,-1551.53
1.95,336,11,151604,1.65,-1315.47
1.18,197,9,32213,2.79,-161.63
3.02,374,0,68507,1.58,-398.61
2.51,271,1,169914,3.9,-1458.48
3.37,131,8,170259,3.65,-1497.01
3.52,272,5,173549,1.45,-1473.38
1.57,385,12,165896,3.33,-1453.21
4.74,148,6,18043,3.53,130.73
4.79,340,5,140214,2.04,-1056.16
3.41,93,7,179611,1.36,-1589.06
2.55,280,0,30579,4.58,-41.94
2.45,215,13,101112,1.08,-815.93
1.82,87,2,103134,2.79,-891.69
2.11,382,12,38584,2.75,-133.0
1.99,197,4,5280,4.01,126.3
1.69,292,2,147063,1.07,-1247.1
4.87,142,0,30279,3.43,19.25
4.83,194,6,42022,3.67,-98.95
3.39,162,1,192121,3.99,-1677.14
3.93,379,4,80794,3.17,-476.89
2.36,164,5,125380,1.28,-1090.78
1.37,352,2,6847,2.51,100.17
2.85,178,11,135335,4.71,-1107.83
3.03,309,9,42007,1.61,-169.14
1.35,120,1,16370,1.19,-74.42
3.11,137,2,21571,2.28,-3.03
4.97,268,3,95863,2.01,-634.5
2.58,180,11,24742,1.78,-74.27
2.34,363,5,189527,1.05,-1658.85
4.22,351,8,113935,2.83,-805.65
4.02,330,12,182755,2.61,-1509.29
2.25,287,5,139092,1.52,-1168.06
3.54,118,0,11314,1.12,108.72
3.16,276,0,79568,1.91,-501.17
2.19,325,11,149280,2.05,-1282.16
1.44,136,8,52213,2.12,-380.12
2.25,391,2,38210,3.92,-131.6
2.83,152,12,31877,1.54,-142.93
3.64,323,8,183495,4.22,-1498.76
2.02,147,6,187229,2.5,-1710.93
3.56,353,14,86277,4.24,-547.5
1.8,346,11,185492,1.11,-1666.02
3.63,372,5,22639,4.58,103.05
4.11,387,5,45428,3.59,-105.44
4.12,184,2,26757,3.55,10.91
3.44,210,13,41190,3.87,-166.14
2.24,297,10,66697,3.8,-464.71
3.79,128,3,152344,4.75,-1271.66
4.44,376,12,142899,4.96,-1065.76
3.5,246,1,190608,2.56,-1617.24
4.93,168,14,20795,3.98,99.22
4.91,377,13,92109,3.79,-539.11
1.67,386,0,185095,3.97,-1634.22
1.09,176,9,145096,3.2,-1354.06
1.64,94,7,23080,2.0,-76.33
4.69,360,13,21247,4.12,123.96
4.81,391,4,106478,2.99,-682.1
1.84,392,0,50393,4.22,-214.89
2.44,203,14,102592,2.67,-803.4
3.2,107,1,109721,1.21,-887.81
2.09,340,0,40210,3.64,-145.29
2.84,117,0,26626,1.95,-89.78
3.78,220,6,139553,2.86,-1127.31
3.0,249,4,31927,2.07,-73.56
3.86,206,3,177722,4.78,-1462.15
3.1,233,1,136112,1.04,-1100.42
1.01,151,10,91846,2.36,-800.62
2.58,260,5,94361,3.44,-708.41
2.97,247,3,140821,4.44,-1140.88
2.61,226,12,13404,1.84,61.89
2.42,329,13,99537,3.02,-779.95
3.0,85,2,30052,4.38,-91.28
2.78,172,13,116555,2.1,-976.43
1.36,114,9,28678,4.07,-119.47
2.09,175,8,107000,4.67,-874.95
4.77,80,10,43587,1.33,-186.43
1.11,201,10,28690,4.26,-122.61
1.16,257,2,80550,1.24,-651.15
2.13,233,3,154739,3.63,-1350.39
3.33,306,14,47070,3.11,-176.22
4.96,154,6,75367,1.34,-444.26
4.97,89,7,41346,1.18,-108.57
4.97,71,11,20356,4.47,107.77
1.44,344,8,29775,4.36,-76.94
3.66,241,0,28401,3.15,23.62
3.1,326,11,70276,2.55,-439.85
1.69,390,11,38624,2.5,-179.65
4.77,292,3,156002,2.07,-1222.6
1.97,95,13,72425,4.02,-600.01
5.0,393,13,89681,3.92,-495.8
3.33,385,10,74622,4.79,-425.86
1.73,192,7,85799,3.01,-693.67
2.55,235,1,14163,3.6,78.92
1.76,112,2,107987,3.86,-927.29
2.64,254,13,50695,3.78,-267.48
3.38,325,7,105436,4.96,-733.55
3.87,333,8,33436,1.34,-6.26
2.95,180,2,192409,2.85,-1673.08
2.24,162,13,144298,1.38,-1295.55
3.31,372,9,161415,1.3,-1311.95
2.77,105,9,173699,1.91,-1535.15
2.44,170,14,181280,1.61,-1644.28
2.29,161,2,49789,4.8,-292.64
1.83,95,12,198012,1.75,-1832.02
2.81,218,12,142743,3.96,-1208.36
2.97,279,13,193881,2.34,-1673.03
4.6,382,10,140611,4.72,-1013.64
3.92,117,6,93798,4.67,-713.41
4.08,265,6,106175,2.65,-757.45
2.5,78,0,123694,4.37,-1039.97
2.37,377,0,138477,4.58,-1116.84
3.62,76,9,100395,4.04,-764.82
3.84,84,11,126204,2.4,-1057.17
1.45,169,1,103211,2.51,-908.0
1.53,165,9,103008,4.74,-873.23
2.82,172,3,133770,4.22,-1147.98
1.64,275,6,22790,4.65,-41.45
4.85,370,0,39586,3.07,-20.55
4.35,275,4,54756,3.29,-251.33
3.08,304,4,13963,3.21,143.59
1.87,176,10,127660,4.29,-1073.11
1.54,140,3,115508,4.49,-1008.3
4.92,158,5,186844,3.31,-1520.37
3.83,265,7,147570,1.12,-1215.43
4.44,201,6,174040,4.7,-1386.95
2.55,393,13,93901,4.4,-665.19
2.0,214,7,103399,2.24,-842.35
2.2,137,9,72417,2.91,-575.53
4.43,150,14,151974,4.01,-1222.94
2.89,107,9,60835,4.69,-392.26
3.65,290,14,182410,4.77,-1540.79
4.22,230,0,197613,1.33,-1687.51
2.01,272,4,5989,4.86,171.58
1.32,290,6,143406,2.17,-1280.42
3.93,134,13,130253,2.17,-1087.49
4.85,377,3,129610,2.33,-907.48
4.82,91,5,31368,3.94,-18.45
2.96,357,1,100673,2.07,-767.94
3.53,382,5,81411,1.55,-515.29
3.93,393,10,144359,3.99,-1084.39
4.61,365,12,177462,3.01,-1434.9
1.65,103,7,126258,3.08,-1103.84
2.62,115,10,89919,2.16,-720.35
2.67,319,14,22908,1.21,1.6
3.78,148,8,127678,3.44,-1010.58
2.7,371,14,55351,1.92,-338.15
4.43,148,11,127756,1.63,-961.56
4.39,304,12,126265,2.88,-921.3
1.28,112,8,7741,3.72,2.26
2.21,160,2,140885,3.3,-1217.1
4.92,280,2,137632,4.1,-1020.58
1.14,287,12,56415,3.45,-384.32
2.97,266,8,151641,1.04,-1302.04
4.81,309,5,108530,4.74,-720.87
4.24,162,7,41990,4.53,-124.27
2.18,113,2,187668,2.37,-1737.55
3.38,182,7,192856,4.7,-1654.83
2.72,77,1,157019,2.42,-1388.06
3.37,282,4,155828,1.35,-1298.47
4.58,241,13,103187,4.5,-714.5
3.22,95,4,85649,3.47,-647.86
2.97,317,0,12822,1.38,131.94
2.28,270,3,43574,1.42,-217.26
2.05,75,4,112520,3.78,-1006.92
3.17,102,0,6049,3.05,143.75
1.33,236,0,80812,3.67,-616.67
3.54,335,8,194487,4.02,-1651.87
4.19,341,8,141824,1.88,-1126.14
4.82,276,0,176641,4.09,-1426.66
3.74,314,11,172875,2.4,-1456.95
2.95,166,6,25151,3.69,-29.78
2.94,148,7,168040,3.66,-1462.1
4.87,88,9,51807,2.57,-203.99
1.85,174,8,169836,2.39,-1501.24
2.65,206,1,180538,1.21,-1595.14
4.96,390,11,150597,2.66,-1147.83
1.11,301,7,15870,1.08,3.88
3.81,371,10,107881,4.64,-770.95
1.1,398,1,41556,3.09,-213.14
2.28,106,9,24000,1.01,-123.06
1.29,249,0,132222,4.46,-1176.8
1.24,312,3,130473,1.33,-1097.34
1.45,111,12,57660,4.67,-434.63
1.68,292,12,53378,2.74,-338.01
3.51,178,11,21089,1.12,1.63
2.75,227,13,194198,4.98,-1709.59
4.32,398,10,162032,2.61,-1290.8
1.96,373,5,174357,3.96,-1481.39
1.76,277,11,140411,2.53,-1273.64
3.85,294,3,80650,2.81,-511.25
4.43,167,5,73635,4.6,-453.33
3.24,224,8,42685,3.18,-177.3
3.82,358,4,179511,1.3,-1500.81
3.42,182,5,33083,1.26,-60.6
3.24,389,3,17452,1.21,109.52
4.44,248,5,137816,3.31,-1069.33
4.68,265,0,101632,3.16,-661.26
4.4,187,8,113011,2.04,-870.88
2.02,332,1,196335,2.61,-1752.74
4.51,232,12,99002,4.39,-681.57
2.74,364,4,56425,2.64,-271.79
3.92,189,8,101693,4.14,-761.2
2.65,166,11,43582,2.37,-251.04
1.76,173,11,132078,4.04,-1171.42
3.82,85,6,62858,2.12,-400.68
1.96,70,2,181842,3.97,-1636.24
4.41,148,0,100321,3.12,-684.28
4.3,225,11,11536,1.98,173.75
3.1,345,8,15636,3.9,127.57
2.55,296,9,123875,2.21,-1044.9
3.36,218,14,164333,3.1,-1394.66
1.55,193,5,9093,3.25,90.77
4.23,176,10,28330,3.92,11.59
4.86,252,2,5191,2.12,304.32
4.12,319,0,59463,2.17,-280.13
1.96,80,11,142135,3.93,-1298.12
4.47,363,4,108793,4.53,-710.63
4.23,83,5,80230,3.49,-506.84
1.25,112,7,65838,3.15,-560.23
1.92,233,10,80533,3.34,-602.26
3.36,376,6,183231,3.63,-1548.25
1.55,154,8,53938,2.25,-419.17
3.71,388,14,78870,2.49,-499.69
4.97,156,12,121396,4.73,-850.63
2.14,242,8,139169,4.04,-1171.72
4.04,366,12,119515,2.11,-892.38
1.19,212,1,46175,1.5,-336.78
2.33,111,7,81411,1.54,-660.86
4.78,335,8,57986,3.53,-210.12
3.55,316,2,157925,3.62,-1265.04
3.41,355,5,32265,1.79,-11.51
4.71,282,7,132426,3.58,-980.44
1.73,279,9,185506,4.14,-1664.37
1.07,325,9,63346,4.54,-479.26
1.76,316,2,166683,1.36,-1457.95
3.09,115,12,89897,3.87,-717.78
2.98,372,10,195925,1.08,-1728.73
4.2,191,3,57226,1.48,-287.87
4.44,191,1,191304,1.33,-1612.48
1.85,146,8,53188,3.02,-343.94
2.75,358,0,39226,2.44,-109.74
2.69,92,0,123716,4.8,-1043.33
1.22,239,7,47734,2.48,-326.63
1.04,308,6,108435,3.26,-932.6
4.16,388,8,71119,2.09,-369.88
2.1,384,2,57107,4.98,-269.14
3.87,368,5,17802,2.5,157.85
2.69,107,6,63991,4.4,-478.32
1.57,369,9,67794,4.96,-444.09
1.77,76,0,128179,4.25,-1131.06
2.26,342,2,91396,2.84,-691.63
4.22,286,2,163258,1.14,-1324.51
1.05,139,10,97295,4.44,-859.65
1.2,216,8,62108,3.83,-474.76
3.26,377,3,6748,3.03,233.46
3.75,389,6,63626,1.3,-300.28
3.91,340,8,44945,4.73,-145.12
2.92,393,8,183076,2.03,-1557.18
2.47,86,11,32467,4.12,-129.95
4.36,258,5,93933,3.53,-663.11
2.82,234,6,95549,1.4,-760.55
2.29,137,13,62769,3.92,-424.22
1.37,323,10,134461,1.81,-1232.45
1.24,305,1,112601,4.73,-959.44
1.36,308,5,143548,4.26,-1233.49
3.73,242,10,56321,3.35,-303.54
3.72,231,12,192528,4.99,-1626.69
1.97,120,13,138694,3.55,-1218.86
3.56,197,13,194689,3.67,-1697.63
1.28,88,13,183372,1.13,-1752.74
4.49,120,9,6581,1.94,173.29
1.44,374,7,98267,1.79,-805.52
1.68,199,10,13568,2.28,-7.53
2.87,244,1,28984,2.94,-37.04
4.1,354,5,47697,3.72,-164.88
4.42,322,3,120886,1.37,-892.02
1.84,333,14,111484,4.31,-916.32
1.31,356,14,35424,4.4,-170.28
4.16,316,10,62367,3.22,-321.84
3.19,158,13,199108,1.98,-1760.71
4.15,154,14,88946,2.13,-658.18
4.68,328,3,139891,1.8,-1026.62
2.92,365,10,157390,4.66,-1257.13
2.84,115,4,149636,2.84,-1300.47
3.4,179,14,106231,1.05,-824.96
3.4,385,7,187007,3.45,-1603.83
3.02,81,10,113422,2.33,-921.47
2.23,188,7,102886,1.82,-840.24
3.17,146,9,97388,2.33,-747.09
4.7,349,13,93561,1.3,-611.12
4.88,269,0,54554,1.9,-216.37
2.58,378,14,105114,3.22,-771.06
4.19,125,11,160968,1.83,-1362.23
3.54,327,14,115445,4.16,-841.02
1.92,383,13,157161,3.54,-1376.76
1.2,374,5,8922,2.18,113.5
1.11,360,1,50268,4.14,-307.0
1.49,229,8,107743,2.2,-896.22
1.88,333,8,35405,1.96,-167.3
4.32,356,3,96508,3.41,-620.82
2.14,165,1,12483,4.5,92.74
4.12,190,9,181343,3.33,-1566.32
3.02,315,2,48968,2.91,-213.43
1.55,215,10,149055,1.27,-1343.54
4.11,249,10,32922,4.59,-60.17
4.69,361,11,16707,2.54,192.68
4.77,264,12,39178,2.67,-22.22
3.82,142,6,17218,4.87,124.09
3.78,197,13,178059,4.26,-1503.29
3.19,166,13,43123,4.84,-241.82
2.48,138,14,119338,1.87,-1052.57
4.93,258,9,173417,1.77,-1417.5
1.26,86,8,11659,3.66,-22.35
4.59,302,11,92771,3.34,-601.13
2.06,319,10,115076,2.79,-937.66
3.3,176,13,49248,4.54,-212.38
3.05,255,10,126092,4.98,-1016.55
3.22,87,2,164467,3.18,-1437.89
3.59,350,8,132153,3.89,-1025.01
1.74,305,7,14374,2.72,54.92
2.09,363,4,153856,1.6,-1331.72
1.59,303,7,87895,2.38,-693.33
1.12,238,13,136024,3.78,-1247.85
4.76,104,2,62329,2.56,-348.92
2.39,184,13,75049,1.18,-629.04
1.44,137,5,44663,2.67,-312.29
2.51,307,10,99053,1.76,-776.2
2.54,83,9,185250,1.87,-1705.34
3.66,282,13,147187,4.56,-1193.31
1.98,85,6,21082,3.89,-52.52
3.65,210,13,197308,1.01,-1749.65
1.39,220,1,5885,1.72,130.13
3.32,286,6,195702,4.71,-1647.54
1.43,117,4,96466,1.63,-840.62
3.19,348,1,22414,1.97,89.05
3.08,331,11,80264,1.78,-537.93
2.18,285,0,147657,1.63,-1270.37
2.82,323,3,92701,4.76,-671.61
1.15,250,6,152950,3.49,-1358.3
3.4,363,13,120643,1.15,-931.08
1.0,241,14,9289,2.07,33.85
3.01,224,5,93737,2.71,-654.33
3.01,270,11,18695,4.42,59.67
1.24,390,12,22945,1.84,-40.25
4.8,150,12,97688,4.29,-655.58
3.43,282,10,97598,2.98,-708.75
3.69,171,4,61452,3.7,-339.19
2.85,140,3,85479,3.95,-618.44
3.82,395,9,162542,1.34,-1342.54
1.72,224,0,86341,4.58,-659.58
3.59,324,12,65814,1.03,-393.02
3.27,200,1,128237,4.0,-1026.57
4.82,117,11,44418,1.2,-194.32
4.19,224,1,46493,2.35,-146.14
3.34,325,4,88263,3.96,-596.63
2.82,90,11,105465,1.48,-895.95
3.95,251,2,154854,3.54,-1264.46
4.25,84,10,163463,4.54,-1356.39
4.71,99,4,189592,4.18,-1625.58
4.31,100,8,174811,1.15,-1511.06
1.12,181,3,185957,3.42,-1724.7
4.09,319,9,163091,1.99,-1356.64
3.09,181,4,9060,1.23,110.18
4.54,139,10,90256,2.86,-571.2
2.83,231,5,137550,1.97,-1167.55
3.16,158,14,192287,1.24,-1679.38
4.63,75,14,58118,1.67,-315.43
3.23,78,10,72462,2.87,-504.57
1.75,99,8,12697,4.88,41.48
3.72,124,6,148136,2.34,-1223.28
1.06,303,0,21181,1.96,-66.27
2.52,79,13,138235,3.39,-1207.42
4.23,273,9,125491,3.13,-934.48
3.3,288,11,46706,3.51,-198.4
1.61,303,3,86317,1.81,-676.36
2.32,222,14,57283,2.5,-382.48
4.81,110,1,16586,3.92,142.87
1.12,134,6,127770,1.35,-1170.02
4.11,114,8,160864,3.7,-1343.18
1.73,119,4,66481,2.32,-527.86
1.85,131,8,89557,2.59,-719.9
3.61,352,6,141194,3.01,-1150.09
1.58,337,1,96536,4.2,-752.63
2.52,399,9,78274,3.62,-539.55
2.62,314,9,8814,1.06,127.82
3.64,345,11,149550,2.54,-1208.82
3.05,335,12,87067,2.04,-607.04
2.93,160,11,182552,3.48,-1583.0
3.1,195,5,195179,2.28,-1735.64
4.23,332,3,197721,4.22,-1603.48
4.22,142,13,114695,4.47,-884.61
1.59,112,0,198792,2.4,-1870.31
4.97,297,13,173606,1.89,-1373.96
1.27,119,14,14758,3.69,-19.25
4.98,395,6,20867,3.87,182.12
1.49,269,12,18624,2.03,-40.12
1.25,368,8,14561,1.42,16.68
3.82,171,9,124615,4.64,-943.17
4.84,116,5,35999,2.59,-58.39
3.85,132,9,130383,1.99,-1052.96
3.65,166,7,102331,3.1,-744.71
1.53,208,12,195391,3.79,-1795.66
1.72,83,4,168282,2.72,-1524.11
1.63,79,10,46176,1.6,-339.65
1.36,131,0,190338,4.76,-1745.12
4.89,190,3,25965,1.62,81.48
3.04,144,9,44762,3.46,-194.87
2.8,269,3,71177,3.93,-468.37
2.32,226,2,69172,3.8,-468.73
2.97,313,6,152653,2.71,-1287.65
1.57,136,10,10594,1.36,39.19
1.6,195,12,149509,2.13,-1351.81
4.26,209,4,56963,4.67,-269.65
1.85,195,2,96264,1.84,-802.13
1.35,181,14,111693,4.45,-972.64
2.55,328,2,34680,4.18,-77.04
4.57,229,3,164121,4.1,-1313.17
2.71,371,11,26886,4.25,-1.51
4.07,119,14,94249,2.28,-695.65
4.98,297,10,63782,2.62,-301.71
1.08,332,4,188880,2.74,-1725.37
1.43,350,11,111583,2.05,-935.08
3.78,380,10,56006,4.97,-203.32
4.56,155,2,89811,2.99,-592.5
2.97,237,5,74779,2.05,-476.79
1.28,320,5,100195,1.95,-835.6
1.35,91,13,178245,4.11,-1677.76
1.42,302,7,40108,1.28,-224.44
1.81,200,5,197995,4.83,-1785.4
4.51,278,9,37905,3.63,-41.49
4.77,208,7,31856,2.74,11.16
1.54,79,6,119468,2.4,-1050.47
4.43,376,14,153604,3.29,-1178.08
4.03,303,0,155412,1.77,-1197.14
3.74,159,13,61808,1.65,-377.48
4.43,232,1,165216,2.26,-1353.13
1.92,351,3,55810,3.37,-325.38
3.08,213,3,91545,3.33,-712.56
2.37,188,11,17754,3.42,-0.78
3.64,323,0,140666,4.08,-1072.14
2.13,373,0,151163,4.2,-1249.81
3.01,258,0,99248,3.68,-721.12
2.21,123,0,158424,4.1,-1407.33
3.21,274,10,23939,1.57,13.95
1.64,162,1,87971,4.25,-725.53
3.27,377,0,26415,2.4,27.76
2.94,245,1,69793,2.14,-454.81
1.51,263,6,147146,4.61,-1285.42
3.17,286,0,31724,3.5,-41.16
1.8,377,1,137658,1.45,-1119.88
3.68,332,8,161586,2.51,-1324.97
3.23,311,0,89275,2.58,-632.56
1.93,238,1,76565,3.69,-548.99
3.06,298,11,185117,1.55,-1631.37
2.26,220,10,38813,4.7,-177.7
4.39,75,7,31665,2.0,-81.17
2.79,147,4,172521,2.59,-1522.56
1.4,167,13,39102,2.67,-263.41
4.61,201,2,73773,2.04,-421.68
4.42,186,4,133931,1.22,-1063.19
2.15,385,10,93000,3.3,-692.05
2.04,370,0,17363,3.26,16.86
1.27,293,8,37378,3.54,-189.8
2.27,262,5,46476,2.62,-287.84
1.21,323,7,91726,2.93,-726.14
4.78,181,2,53103,3.68,-224.53
3.87,80,2,71123,4.32,-435.21
3.21,321,1,71232,4.91,-396.1
2.44,134,2,112851,2.38,-952.79
1.64,249,7,85289,4.85,-655.46
2.73,263,4,58738,1.86,-385.29
2.12,223,8,46087,1.83,-258.22
4.84,355,12,169034,2.76,-1318.02
1.39,118,7,9673,3.31,25.86
2.63,207,2,63080,3.75,-408.08
1.03,334,14,20304,2.94,-59.24
3.27,199,1,190469,3.24,-1645.89
3.31,179,6,190096,3.91,-1670.6
1.55,360,1,19821,2.09,27.87
3.69,305,14,11286,2.8,203.54
1.57,160,2,166029,1.74,-1539.81
3.04,310,1,109384,4.24,-812.25
2.48,183,8,182817,2.58,-1626.96
2.0,240,4,105165,1.51,-862.8
1.55,326,7,137920,2.31,-1176.62
1.48,82,4,57680,4.82,-436.93
1.21,166,0,122507,1.01,-1125.48
2.74,172,5,54842,1.79,-392.79
4.08,208,3,90238,2.88,-614.69
4.4,394,14,18112,2.61,173.89
3.49,356,8,14568,2.45,137.27
2.52,238,9,191169,4.24,-1677.38
3.72,296,2,156242,2.85,-1258.3
2.26,140,5,14738,3.97,64.15
3.91,188,12,43283,2.58,-142.7
4.66,352,9,40455,4.14,-55.5
1.38,228,11,85140,3.6,-732.11
3.66,160,4,47686,4.41,-188.61
2.43,114,8,89895,1.66,-716.42
4.05,250,10,175146,4.26,-1395.64
4.78,215,6,73804,1.17,-374.62
1.89,162,8,26370,1.74,-129.65
1.23,380,12,139824,3.64,-1167.55
3.57,271,9,164318,2.31,-1366.21
1.36,233,1,138064,3.88,-1201.07
3.67,136,6,195622,2.51,-1749.89
3.43,247,0,146570,3.65,-1199.96
1.08,283,4,39651,4.94,-233.7
2.58,221,2,25635,2.77,-7.9
2.84,275,5,193078,2.89,-1740.07
1.08,300,12,31553,4.84,-150.26
2.49,232,12,104647,1.89,-859.97
3.26,268,8,103367,3.54,-724.49
1.04,271,4,162932,2.5,-1478.26
1.65,312,14,72824,3.82,-522.16
4.59,71,14,25772,1.32,-34.05
2.42,111,11,18851,2.79,-37.95
2.24,263,3,77467,2.65,-574.7
3.33,335,9,197524,4.75,-1654.99
3.09,74,4,103867,2.7,-856.19
4.53,156,5,18369,2.68,94.72
2.09,232,1,92796,4.16,-745.62
2.2,223,7,36493,4.7,-182.72
2.23,96,5,101498,1.43,-873.29
1.4,397,5,143279,4.32,-1199.06
2.18,282,13,40093,1.87,-176.55
3.92,264,13,54381,4.04,-231.14
2.37,78,3,119273,4.58,-983.85
2.14,338,8,27025,2.26,-18.55
4.83,160,6,171737,4.9,-1401.64
5.0,374,14,6545,1.88,258.76
2.35,111,10,199505,1.53,-1844.87
2.9,256,5,66791,1.03,-442.25
4.32,74,12,87401,3.48,-597.76
1.4,157,7,129284,1.75,-1171.65
3.03,272,4,127347,4.82,-986.46
4.34,178,6,86209,2.7,-556.33
4.08,241,10,162181,4.32,-1298.81
4.26,399,10,142031,3.99,-1028.06
1.21,143,0,122882,1.01,-1099.38
3.73,311,7,149791,3.32,-1221.27
4.85,96,2,126532,3.28,-1008.09
3.8,138,5,99189,3.12,-730.54
2.64,187,12,28533,2.9,-116.59
1.83,113,14,80936,1.55,-681.68
4.82,76,2,128559,1.19,-981.56
2.62,78,7,158462,2.74,-1405.38
3.87,341,10,14362,4.55,158.45
3.69,370,5,104822,2.52,-751.0
4.37,136,1,60333,3.45,-292.95
4.76,172,11,67002,4.61,-352.8
2.88,368,2,56712,1.15,-309.7
1.43,307,2,42625,2.63,-249.14
3.27,175,2,163563,4.87,-1339.44
4.92,276,2,186929,1.86,-1543.85
2.74,255,13,83095,3.08,-639.22
4.27,241,4,77705,2.79,-489.87
2.75,348,0,138421,3.83,-1083.94
4.24,211,11,193026,4.2,-1624.47
1.92,112,5,54432,4.81,-385.44
2.64,89,2,131178,2.92,-1132.98
3.92,357,10,124910,4.64,-886.73
3.55,348,14,176847,2.23,-1472.33
4.08,121,11,198634,3.59,-1713.11
4.82,242,6,127489,4.35,-931.82
2.5,235,6,143736,3.41,-1225.43
4.58,265,7,122953,4.85,-882.79
1.83,242,9,144195,3.0,-1251.56
1.25,358,3,126846,2.57,-1079.17
1.96,394,8,12823,4.34,121.56
4.12,331,13,183565,3.02,-1558.73
2.5,311,5,104154,4.65,-736.52
3.33,383,11,48657,4.23,-167.44
1.97,138,14,162586,3.72,-1469.04
2.75,84,11,183418,2.6,-1676.59
1.72,209,11,78201,2.61,-633.0
2.49,317,1,172586,1.19,-1475.16
4.46,296,2,192020,1.16,-1559.73
4.42,74,4,95241,2.57,-701.62
4.76,151,8,46121,2.95,-146.61
2.62,121,12,18335,2.83,-5.12
4.93,366,10,94904,4.31,-536.02
2.93,163,0,67637,2.56,-462.98
4.51,307,3,81392,2.35,-467.76
2.64,268,1,190147,3.87,-1652.26
2.28,103,13,97382,2.93,-850.11
3.57,309,14,107284,1.95,-840.99
3.84,178,1,92694,2.39,-679.59
3.97,396,1,185295,4.94,-1481.83
3.42,122,5,41565,1.39,-216.01
4.43,183,8,118836,3.45,-895.51
3.6,116,0,60173,4.43,-343.24
2.08,253,9,27235,1.95,-93.05
4.43,112,3,160558,2.62,-1325.58
1.72,272,6,75028,1.46,-616.48
3.15,119,14,60694,2.07,-442.94
2.55,318,14,199090,2.32,-1761.74
3.48,180,12,24367,1.32,-28.14
3.19,129,7,15558,4.72,79.03
2.86,124,11,93049,1.81,-726.38
4.31,374,10,80024,2.26,-480.95
2.6,171,10,126906,2.87,-1081.17
3.48,239,10,166922,4.56,-1363.43
3.0,312,14,22623,1.71,33.16
3.0,72,13,164250,1.59,-1426.13
3.44,365,8,60190,3.78,-267.21
4.98,103,6,42591,4.35,-124.79
1.99,160,5,51043,3.09,-320.95
3.95,71,11,86893,3.57,-628.2
4.72,240,10,162369,3.29,-1315.99
3.34,354,3,154986,2.95,-1248.37
4.52,247,8,58564,4.4,-219.31
3.77,137,4,72954,4.06,-479.08
2.41,396,10,96329,3.26,-721.55
4.28,226,3,162965,2.24,-1300.72
1.95,167,7,129727,4.66,-1133.62
4.69,270,1,26694,2.37,56.53
4.68,384,3,10947,3.86,285.63
3.52,119,6,186286,1.04,-1661.76
3.05,98,1,52987,2.47,-312.98
2.2,195,1,57684,1.52,-407.19
2.8,150,1,35404,2.14,-144.88
3.87,183,8,179197,1.49,-1561.84
2.16,219,14,103393,4.69,-863.68
1.84,314,14,125320,3.13,-1097.79
2.27,196,10,36576,1.16,-183.16
3.29,181,6,75853,2.43,-537.55
2.85,202,12,8309,2.85,121.94
3.01,339,2,195563,2.55,-1691.59
2.95,158,8,140544,4.91,-1148.78
4.12,181,4,119014,1.82,-884.42
2.56,293,3,25081,4.85,9.19
4.07,304,2,112791,3.74,-833.23
4.45,397,12,11881,2.57,253.33
1.61,129,9,189714,3.72,-1746.95
3.46,297,14,91072,3.68,-611.41
3.05,287,10,101638,1.82,-802.8
4.96,388,8,140101,3.25,-1001.11
1.33,101,13,25414,2.76,-143.02
3.85,277,0,192475,4.69,-1620.56
2.09,391,4,180038,2.9,-1554.37
4.98,151,7,117731,4.89,-836.66
2.42,193,14,72420,4.91,-497.7
1.35,343,12,67916,1.89,-531.81
4.93,71,1,96766,1.19,-719.09
2.92,318,14,101821,3.78,-762.7
2.93,163,7,59203,1.36,-395.89
3.11,206,1,134174,1.56,-1118.22
4.77,126,5,73876,4.9,-408.66
2.96,272,2,168263,3.93,-1431.34
1.12,240,5,48602,1.5,-327.38
4.74,189,8,139261,3.74,-1044.73
3.99,380,9,178123,3.27,-1461.9
3.92,261,7,198608,4.17,-1690.23
1.42,336,0,58845,2.29,-401.58
4.06,277,6,176043,1.6,-1485.4
3.83,156,5,108786,2.41,-841.07
4.69,337,14,16848,3.47,219.31
3.04,223,6,138197,3.67,-1184.89
3.85,215,10,5406,2.01,217.47
4.48,86,2,126932,1.52,-1030.88
2.72,397,4,184960,4.49,-1594.66
2.95,372,5,52578,3.62,-221.62
1.49,299,10,197940,2.64,-1801.82
1.76,89,10,176723,1.59,-1660.96
3.4,87,6,17745,2.19,-3.85
2.19,73,11,66980,3.89,-512.47
1.73,387,10,187449,3.57,-1647.91
3.01,125,9,72980,4.15,-519.59
4.8,150,12,184749,2.49,-1554.11
1.93,229,14,23460,2.31,-104.6
3.96,276,1,114471,1.11,-857.87
4.05,161,3,133953,1.22,-1064.83
4.06,378,10,89992,2.9,-560.78
4.7,338,6,23968,2.23,101.9
2.29,324,11,199021,3.64,-1768.42
3.72,167,3,16824,2.93,102.99
1.69,281,5,102907,4.86,-814.25
3.84,237,4,32719,1.41,-35.84
2.96,80,7,49767,1.61,-309.82
2.77,213,10,195234,3.87,-1711.15
3.59,366,12,57736,4.74,-259.02
2.91,143,10,182541,1.94,-1640.13
4.12,223,5,83300,4.28,-532.19
3.26,272,3,31099,3.81,-40.88
4.4,238,9,78851,2.84,-475.39
2.33,228,8,154829,1.64,-1381.19
3.75,242,12,112351,2.29,-854.95
2.24,76,6,145519,1.19,-1326.37
3.64,352,7,27009,3.52,68.0
2.42,219,7,108027,1.48,-882.47
1.25,100,10,162983,2.51,-1508.51
2.78,111,6,167369,4.12,-1463.73
3.83,277,0,119234,2.72,-888.51
2.03,220,7,144664,2.41,-1256.55
3.47,259,5,181822,1.9,-1515.65
1.49,364,2,87940,3.37,-671.25
3.55,202,7,139765,2.57,-1103.82
1.23,115,11,99465,3.75,-881.13
1.19,96,2,140541,3.62,-1301.06
3.05,255,9,113329,3.88,-874.61
2.2,269,6,184918,3.42,-1617.71
2.39,347,14,149651,1.83,-1245.08
3.6,103,0,54968,1.03,-303.01
4.8,382,8,194089,4.91,-1564.14
3.06,219,2,157193,2.18,-1350.71
3.85,333,2,140612,3.98,-1085.97
3.34,381,7,182898,1.49,-1534.65
2.58,178,13,156775,4.6,-1398.79
3.69,369,13,31430,2.09,-0.14
1.95,232,1,52501,3.47,-309.71
4.39,327,11,195671,2.41,-1649.96
2.17,106,2,123603,1.62,-1067.18
1.48,70,5,173180,4.03,-1593.68
2.72,92,7,92629,4.5,-696.53
2.09,225,3,127165,2.31,-1094.8
2.09,276,1,198315,2.47,-1754.65
3.57,268,8,58639,1.45,-338.61
2.8,114,9,9626,3.26,125.79
4.63,136,0,11953,1.55,151.07
4.1,315,11,57367,4.29,-223.85
2.36,261,7,96991,3.92,-780.9
3.81,119,6,71507,2.22,-485.15
1.96,202,0,7279,3.78,143.47
1.82,112,2,152018,4.61,-1368.9
3.74,100,9,86809,2.87,-623.42
2.67,319,11,65590,3.75,-415.85
1.78,336,1,104950,1.98,-848.21
2.56,398,12,133654,1.17,-1091.51
1.39,159,14,141169,3.5,-1291.22
2.29,114,11,75948,1.04,-638.71
4.56,329,5,93588,1.17,-601.23
4.77,143,9,182195,1.13,-1525.04
3.63,77,11,156755,1.78,-1347.62
1.78,229,7,144806,2.3,-1292.88
3.1,234,0,38931,2.23,-136.02
2.24,105,8,146800,1.86,-1308.07
3.22,233,8,36017,3.35,-85.54
3.14,124,8,41938,4.0,-206.79
2.86,392,13,10102,4.18,196.73
4.07,110,8,173399,4.55,-1482.2
4.55,347,8,138746,4.66,-1008.61
4.32,218,11,68901,1.6,-415.64
