Engine_Temp,Oil_Pressure,RPM,Vibration_Level,Condition
94.96714153011233,369.9677718293001,2229.9286900102475,1.092192442122609,Good
88.61735698828815,346.23168414563844,2442.192531713793,2.1396149892204983,Good
96.47688538100692,302.98151849600873,2183.0320316000157,2.586394466578356,Good
105.23029856408026,267.6531611147213,2376.815388144384,4.887687657340191,Faulty
87.65846625276664,334.9111656806795,1742.5541332184857,3.556553124533758,Good
87.6586304305082,319.6742692710875,2585.3174829491754,1.6645184309001086,Good
105.79212815507391,344.75966100138663,2500.4821901448895,3.486036289417637,Faulty
97.67434729152909,331.7585900840985,2173.1645475727237,1.4526960110616345,Good
85.30525614065049,352.47763576596674,2763.698267372962,4.082691053887073,Good
95.42560043585965,273.2382394219716,2875.028055050623,2.5288753481821216,Good
85.36582307187538,365.8697032817163,1856.9760542524104,2.906363811260829,Good
85.34270246429743,309.87998023462,2194.9100885735143,4.32579664754219,Good
92.41962271566034,403.76304363126326,2192.3430600850807,1.71283643141575,Good
70.86719755342202,265.54060909552163,2124.0387595564544,1.6028818148870088,Good
72.75082167486967,386.79819015826246,2831.7899367726995,2.416400673653995,Good
84.37712470759027,309.89553917313236,2422.4695444908784,4.038378851019317,Good
79.87168879665576,267.42909981927755,2394.1940634757557,1.4806539245231576,Good
93.14247332595274,275.8057082972839,1698.4550542372986,0.16784440188943117,Good
80.91975924478788,283.98263459028396,2754.1672120836906,2.548841141591001,Good
75.87696298664709,321.2082973200958,2004.296642058611,3.5517407999109203,Good
104.65648768921554,326.14177440177497,2523.973052106531,4.2002617497388295,Faulty
87.74223699513465,271.31499980307103,2610.9507751832766,2.536838637914601,Good
90.67528204687923,298.78227038695087,3044.2634383354603,2.5885733928839976,Faulty
75.75251813786544,407.11351793059316,1976.4718403523552,4.153900734255747,Good
84.55617275474818,386.3771585050356,1292.19513767167,1.1302583003045794,Good
91.10922589709867,321.8161834837016,2573.539817901478,2.611479224816991,Good
78.49006422577698,301.90017390841,3220.2044726043414,3.1904238899250577,Faulty
93.75698018345672,306.0015663359131,2995.578541175775,3.4492187212850345,Good
83.99361310081196,330.67589863652086,2583.8637661098505,2.4901933068091173,Good
87.08306250206724,248.86037174007973,2303.345525747181,3.0344410117058414,Faulty
83.98293387770603,287.13117312883276,2822.8490386549242,0.5116726465870105,Good
108.52278184508938,216.57079630612054,2110.5815201182127,2.3417515876661517,Faulty
89.86502775262066,319.961156130264,2690.543107742488,3.4535087125544672,Good
79.422890710441,332.35979698513705,2702.1880636666506,2.0177059657453205,Good
98.22544912103189,275.8406768850313,2924.0839629995517,3.0589842215895975,Good
77.79156350028978,378.6993381645016,3603.864015564431,3.446872500802698,Faulty
92.08863595004756,238.71171684988295,2656.966386871507,2.657450799142235,Faulty
70.40329876120225,226.781255989509,2296.4145497170007,3.170463770996571,Faulty
76.71813951101569,311.2225909279986,2489.7702751232023,2.0372674347153876,Good
91.96861235869123,352.3549151306077,1792.3696380443525,2.7933887203039536,Good
97.3846657999541,384.1963845728934,2222.1147475643766,3.6102161695892225,Good
91.7136828118997,277.055786856553,2336.2870247547585,3.1569729609684343,Good
88.8435171761176,353.9340416715648,2290.364640826163,2.4134687304360645,Good
86.98896304410711,298.07457652496464,2560.9419488134886,3.224216404290793,Good
75.21478009632573,291.368635002959,2171.0320270471198,3.714609790636618,Good
82.80155791605291,344.18299687433364,2948.4122669297885,0.950058721422522,Good
85.39361229040213,332.616143920671,2500.082825967279,4.159074064955898,Good
100.57122226218915,221.18039215078753,2496.279871544554,2.663745261318928,Faulty
93.43618289568461,373.8270174862948,2368.8421133948327,3.42548993324023,Good
72.36959844637266,369.0045677073726,2562.0762735435915,4.197246923645228,Good
93.24083969394795,268.7218649245235,2830.039305867054,1.628326302769534,Good
86.14917719583684,319.7901766718704,2153.14791371564,2.2905589975724534,Good
83.23077999694041,324.70150931413696,2236.7534043698975,2.7114513041242954,Good
96.11676288840867,313.03368829119535,2378.509588489334,2.2162464788755716,Good
100.30999522495951,272.484742307729,1961.6516306107142,4.734936575836809,Faulty
99.31280119116198,266.41883160309743,2172.2968561114008,2.143227906173207,Good
81.60782476777362,298.72229645042773,2309.5116505821366,2.4444532205131333,Good
86.90787624148786,358.63645096296824,2849.755672285091,3.2043890316029766,Good
93.31263431403563,327.18000772972164,2605.02453160077,1.7978504739239112,Good
99.75545127122359,281.4692833956947,2577.4359645470176,2.6043192882437363,Good
85.2082576215471,338.58493553241726,2840.359184867189,3.3174532612501753,Good
88.14341023336183,157.57286896849624,2445.051284640241,2.667139595617489,Faulty
78.93665025993971,357.43828501860514,2656.185939971556,2.9066131411000518,Good
78.0379337591933,213.01431106109501,2458.7112988270014,2.4706678875516292,Faulty
98.12525822394198,281.8779529298434,2606.1449397598512,1.485529690819233,Good
103.56240028570824,244.0165052686928,2266.896536955367,3.3215932113392386,Faulty
89.27989878419666,235.2659262139547,1524.4731366894284,4.754933071647241,Faulty
100.03532897892023,358.04133936892595,2446.288335125478,3.0184016307834383,Faulty
93.61636025047635,276.6149399344054,3069.099254439976,3.2252641172475496,Faulty
83.54880245394875,317.3251940865358,2870.486160896637,3.6927227551168595,Good
93.61395605508415,297.6539710560408,2886.158993836468,1.7306695034533008,Good
105.38036566465969,323.85204136115607,2994.452288722487,4.702514658129606,Faulty
89.64173960890048,303.8410945530128,2535.463036384575,3.202328796422802,Good
105.64643655814007,235.85038879057151,2578.926282962238,4.631856899089109,Faulty
63.80254895910255,349.813340972357,2252.93924182626,2.266967004476011,Good
98.21902504375224,275.3121708419344,2373.57085758918,4.818061922557825,Faulty
90.87047068238171,222.17090506701243,2746.308459908457,3.775155494034783,Faulty
87.00992649534132,278.59424195170436,2981.5537748675265,3.5530400858523583,Good
90.91760776535503,375.03798953171554,2444.2214897276003,3.234024454353148,Good
70.12431085399108,342.5110871056746,2319.9242940594354,2.7514713819255507,Good
87.80328112162488,282.567393279607,2500.211183542639,4.2005316584738726,Good
93.57112571511746,282.53711478407854,2740.4826995716458,3.140359869848047,Good
104.77894044741517,283.9182474391309,1922.4580735465834,1.0329302964128477,Faulty
84.81729781726352,403.83739917804206,1581.5276187451047,1.8828135382929976,Good
81.91506397106812,319.09677261157765,2279.7852602033668,2.8141542478072528,Good
84.98242956415463,321.50208235955347,2011.7150296343366,3.309998983165555,Good
99.15402117702074,351.5141727015921,2296.743920941076,2.9434115111001042,Good
93.28751109659684,311.93945795132566,2440.8878724730116,4.218970789793663,Good
84.70239796232961,287.04789270896487,2318.7006363907944,1.0488981359613752,Good
95.13267433113356,290.1825075457511,3080.987013788298,3.14358793650516,Faulty
90.9707754934804,296.4199370292968,2630.697905840928,1.1820207746128453,Good
99.68644990532889,298.13888817450794,2620.189743844331,3.759712295484168,Good
82.97946906122648,336.381477181849,2748.882857617361,2.905541285557997,Good
86.72337853402232,302.59729429036497,2044.4667528876923,3.419609972024118,Good
86.07891846867842,336.632003860779,2915.6447149681076,2.136117039410234,Good
75.36485051867882,295.9641709945709,2469.694285385816,4.279464931657751,Good
92.96120277064576,303.9317595158045,2768.192246896485,4.041724664058851,Good
92.6105527217989,200.08996577339462,2071.257106783938,3.5835443030118874,Faulty
90.05113456642461,345.8163837351241,1878.4964935935743,2.8704827531365593,Good
87.65412866624852,317.32442379489964,2827.1558632100114,3.579857285295132,Good
75.84629257949585,349.90050549298263,2650.563810439007,2.293107432012651,Good
85.79354677234642,155.18723109031555,2139.1793782569957,3.855555659020712,Faulty
86.57285483473231,404.4187352390364,2152.134767490122,4.649480894323921,Faulty
81.9772273077838,293.02051859224133,2950.173913765908,4.070610559979186,Good
88.3871428833399,355.40914083687585,2024.235242853069,2.2703975301925903,Good
94.04050856814538,248.00470364372347,3157.0691813023855,3.361417317273103,Faulty
108.8618590121053,330.6386952531285,2139.7517061408525,1.7068584562413522,Faulty
91.74577812831839,247.32922184131718,2755.3567702433534,3.572390311175676,Faulty
92.57550390722764,268.81155196520973,2368.5526097004063,3.450603412862539,Good
89.25554084233833,395.7015676933393,2741.2749724329374,1.130183660467836,Good
70.81228784700959,290.4658799618327,2282.354399154323,1.8382161560876362,Good
89.73486124550783,310.87164365898616,2434.8828375710823,2.7168611032562326,Good
90.60230209941027,343.5033865344377,2516.3676701582885,2.699140252859174,Good
114.63242112485287,324.78409439863026,2099.125017687411,1.7905230645811947,Faulty
88.07639035218878,307.5209452571788,2796.3297381680504,3.388978729352184,Good
93.01547342333612,318.24805012331126,2294.714573411366,3.251473608940512,Good
89.65288230294756,420.17077926191376,2408.5600338639924,2.8057308680214805,Good
78.31321962380468,297.1190601483207,2102.2602501565952,2.244208499841637,Good
101.4282281451502,310.0549523357484,1475.0665364818758,4.048707126416564,Faulty
97.51933032686775,352.5327198003806,2423.5888949599325,4.6554071130882955,Faulty
97.91031947043047,355.2762966478992,3465.0461686451663,2.516438516153463,Faulty
80.9061254520526,359.351515278019,2813.8417151592093,2.3878330828451793,Good
104.02794310936099,331.93651110145925,2492.295848106242,3.4912076654119963,Faulty
75.98148937207719,242.84975436347582,2394.843668316693,2.641970620253014,Faulty
95.8685709380027,381.6715766150548,2508.9863571248184,2.8606027993367658,Good
111.90455625809979,242.6827303490656,2718.847646070084,3.7396531517246716,Faulty
80.09463674869312,315.13177326195165,2027.674873876462,1.0906439124927072,Good
84.33702270397228,262.2862074990321,2945.728677867549,4.318302324852669,Good
90.99651365087641,296.7930826703504,2786.1525261764978,3.0726805243293414,Good
84.965243458838,316.43812051517403,2787.2742902831737,2.58850685543782,Good
74.49336568933867,316.06786077251365,2675.390295523891,2.9107658457785512,Good
90.68562974806028,321.0960377117642,2507.846663077596,2.9624293550205185,Good
79.37696286273895,380.68556345293234,2769.144494386728,1.2687986965550746,Good
94.73592430635182,322.676715075699,2736.7256534965513,4.494938227453236,Good
80.80575765766197,287.79216823546756,2358.3837156235904,3.0413256322706186,Good
105.4993440501754,348.20435841441787,2270.5592908412395,3.443002130447375,Faulty
82.16746707663764,359.47352444623203,2540.7425181047947,3.9515497705740428,Good
86.77938483794324,238.61960924315036,3119.608060598075,1.9788375424396998,Faulty
98.1351721736967,329.8700034924929,2004.3571697384396,3.4734718990352285,Good
77.69135683566044,335.0586371155449,1912.989893699024,2.7323589091012064,Good
92.2745993460413,285.1218248320004,2565.9043364946065,3.846770775216494,Good
103.07142754282428,368.785340665581,2520.355080742407,0.8727725796485046,Faulty
73.92516765438772,292.4972206483737,2569.3366657481633,2.900905699758731,Good
91.84633858532304,306.2788226735771,2597.5812791634003,2.3971793442160383,Good
92.59882794248423,291.34640878580655,2410.719098146078,3.4322629506341555,Good
97.81822871777311,300.77895237907336,3095.945375440833,3.470044187368202,Faulty
77.63049289121918,245.1862456552399,1859.6384086093938,2.292374105177974,Faulty
76.79543386915724,227.99745587028528,2168.6011900879016,2.2878261358239564,Faulty
95.21941565616898,379.7252531612486,2458.698095940381,2.8893346314426704,Good
92.96984673233186,257.6519325840836,1842.724475538333,2.1033577726847916,Good
92.50492850345877,250.43038252718463,2429.6582382271718,3.841983695452127,Good
93.46448209496975,192.33049431981425,3164.5880662912073,2.630792799552554,Faulty
83.1997527842151,268.0519126155249,2508.354595318385,0.09301178067835858,Good
92.32253697161003,233.84551032962509,2592.2803622874735,2.625177943378194,Faulty
92.93072473298682,382.10075800681847,1995.934093930968,1.9614561791560277,Good
82.85648581973632,350.4908544671317,2253.455436784209,1.3687241845390545,Good
108.65774511144757,265.5924827411138,2349.9214478704253,1.7625733617774275,Faulty
94.73832920911788,412.62179026721543,2372.9139612975064,3.10940847183297,Good
78.08696502797352,349.0882743495797,3012.6575180015075,4.328640828248231,Faulty
96.5655360863383,283.7584308245689,2723.07642429005,3.31318447386498,Good
80.25318329772679,175.02971425632134,2055.416817225187,2.3934966117842604,Faulty
97.87084603742451,414.5471286295371,2598.601911372802,3.4559041951707026,Good
101.58595579007404,230.5213766618202,2699.288699398714,2.5409096897810084,Faulty
81.7931768164829,217.73006265215542,2956.0596154085065,2.305399630836855,Faulty
99.63376129244321,351.12852160048203,3132.2162746273493,1.8456373317670156,Faulty
94.12780926936499,421.98762031696367,2093.9623232688527,1.2481711932482809,Good
98.2206015999449,369.2136409255259,2175.6569955158648,2.610076293440555,Good
108.96792982653947,328.19545600261796,1996.9688564341536,3.158053489920132,Faulty
87.5461188399713,329.7377170832643,2406.3920563572074,2.90337632998511,Good
82.4626383564251,342.6707779390154,2686.543349778534,2.5840330720526414,Good
81.10485570374476,337.94642948933824,2894.933806635641,2.054253939303219,Good
81.84189715034562,314.0595711984688,2469.619590542991,3.6082461916849686,Good
89.22898290585896,305.2100551975938,2372.0609906980626,1.682868080053415,Good
93.41151974816644,296.8703436050239,2560.703196899496,3.7760279138434756,Good
92.7669079933002,262.30177055666616,2165.9428393479907,1.9977829810732752,Good
98.27183249036024,285.96624615666127,3335.8154886779093,2.247564762646965,Faulty
90.13001891877907,215.35215929023073,1856.9355891527766,1.533214809384323,Faulty
104.53534077157317,295.0830186602625,2573.89623155829,2.4985978531143633,Faulty
87.35343166762044,250.57044464245413,3309.4424876918556,3.975312458477979,Faulty
117.20169166589619,244.82053413921145,2502.7199378239993,3.5156280884439566,Faulty
96.25667347765007,308.9947075576739,2423.984385999402,3.978422112028035,Good
81.42842443583717,369.60011431722995,2357.021830875829,3.522142545933936,Good
79.29107501938887,345.91583030011566,2427.843327295037,1.8963301714696308,Good
94.82472415243186,221.47496981884115,3049.139389870612,2.669210775672443,Faulty
87.7653721467415,250.51859317148313,1615.2552354681973,2.2198008708825374,Good
97.14000494092092,347.0385593994108,3113.3734805185304,4.33057490403904,Faulty
94.73237624573545,250.87563032308452,1930.417139019942,1.8032113535736884,Good
89.27171087343127,288.7683425001488,2393.339068306234,3.8936976893891106,Good
81.53206281931595,327.50260495122757,2328.302231880535,3.8929538701087694,Good
74.85152775314135,251.58277725681825,2735.421307908288,4.829620201716088,Faulty
85.53485047932979,305.268775307298,1860.750259246501,2.5903134073705028,Good
98.56398794323472,233.2987252540898,2684.8690664327773,3.712322159580162,Faulty
92.14093744130204,269.9316178024393,3309.723849314741,5.281651836538843,Faulty
77.54261221288012,315.98909670712686,1954.7303981628759,2.3823583230663035,Good
91.73180925851182,220.35031332341651,2575.882467044158,1.4649597524676403,Faulty
93.85317379728836,322.02373689801993,2235.2071288813563,1.1199899660922363,Good
81.16142563798867,299.01811005366596,2670.3548824772142,3.7127120288613313,Good
91.53725105945527,327.6244977208574,2507.659110966301,1.1168497919414162,Good
90.58208718446,311.1957067032331,2243.405236382276,2.627680947062077,Good
78.57029702169376,368.2070214986922,2695.1489139484297,3.437313187038961,Good
93.57787360348283,306.26122513239534,3221.739243914697,3.185175536829914,Faulty
95.60784526368235,278.52972294373734,2423.6384833090806,3.4254448641841724,Good
100.83051243175277,306.11487515161417,2787.9031768592727,3.222289855800854,Faulty
100.53802052034902,327.1649014518194,1982.6908168515345,4.278865813313393,Faulty
76.22330632042909,302.4430035162852,2117.4254492727964,2.047683619261203,Good
80.62174960084877,302.0295845601941,2688.962511152151,2.3230048615414685,Good
95.1503526720866,264.9004156096622,3093.646411414386,2.2273405547291762,Faulty
95.1378595091221,266.85495412245257,2642.245339514264,3.83019181186261,Good
95.15047686306048,229.86973641001532,2374.776787790738,3.9003985883950634,Faulty
128.52731490654722,387.478837159347,2499.7165621693416,3.451225319318508,Faulty
95.70890510693167,237.80683823043574,1999.836906412113,4.183493666889928,Faulty
101.35565640180599,265.3547401102046,2741.8061305421465,1.8219591326236193,Faulty
99.54001763493203,264.0796367215401,2852.933224929364,4.667224111551137,Faulty
96.51391251305797,344.74621884722205,2319.163866866768,4.523238621712258,Faulty
86.84730755359655,285.2525160853986,2311.9831408961995,3.7356219972457465,Good
97.58969220493267,362.3871036336867,2606.3512918608194,4.78179890877106,Faulty
82.27174785462428,266.3254687878066,2325.312105583762,1.3433767923222262,Good
87.63181393259991,313.9497081111901,2473.546954149671,2.475551863737348,Good
85.14636452170896,258.2326473370121,3339.888715666606,2.264696539318048,Faulty
90.81874139386322,407.2574563886694,2401.1897197016015,3.721479323757343,Good
113.14658566673509,240.62007904852436,2356.663939191511,1.9498592603978544,Faulty
71.32734807408252,315.49103551135136,2240.9832777459364,3.7574951493374855,Good
96.86260190374513,331.6888440466049,2797.6767885999748,4.370536143996714,Good
73.87284128810349,320.6899548725749,2427.510330712759,3.6952029000839994,Good
85.28068134210567,290.73561705611456,2240.2507846714298,3.2837510236615013,Good
100.88950596967366,293.5089650133287,3028.521612909205,2.012126659099251,Faulty
90.64280019095463,302.1905735989555,3067.841201805455,2.1531490338746355,Faulty
79.22255222070694,292.64989991857556,2259.830573704518,4.249618905296667,Good
82.84696290740033,348.1939558397455,1753.3840194557536,3.7793490039053323,Good
96.79597748934675,410.52615007956757,2903.005475934769,2.960980480622456,Good
82.69633368282864,272.1254107496083,2226.1480696959984,2.5820904542341094,Good
92.16458589581976,231.5098510210461,2816.2502396651075,0.9741921268886231,Faulty
90.45571839903813,295.58589758243727,1711.9584729152657,1.9291475813155612,Good
83.48399652394183,428.98546688271597,2857.038935319724,4.911419087139723,Faulty
111.43944089325325,259.81627160151345,2015.5312282876876,1.7195444289975332,Faulty
96.33919022318011,381.9558402722034,2792.3056476266097,3.189479821221081,Good
69.74857413342393,383.885040703822,2505.7092271345737,4.0074439731951985,Good
91.86454314769428,272.32058791460025,2118.424232241342,1.7450773319977075,Good
83.38213535231613,328.44915395926375,2337.1854748292876,3.1847104747810833,Good
98.52433334796224,381.4198311564269,2774.5273827826804,3.937915537510655,Good
82.07479261567299,281.04361295062563,2542.3577812460935,3.0124993219072502,Good
88.85263558533102,289.8209819948819,2733.7651921889938,5.868403055666768,Faulty
95.04987278980457,270.9159543025678,3290.576233806194,1.3314007411218047,Faulty
98.65755194170121,249.26216346535665,1874.3033553155794,4.058728529883879,Faulty
77.99703592944223,267.5361227466997,3146.8850299874493,2.8271982626035355,Faulty
86.65498764159051,238.8029866618872,2541.7423750092853,3.771920154836675,Faulty
85.25054688839043,301.7041734129613,2140.4863806707485,3.4413071516992457,Good
83.46670767426288,261.5013384470679,1967.8745497044042,2.2668438028900035,Good
107.65454240281096,311.6892955895374,2424.351843689187,3.22899639245934,Faulty
94.04981710960955,222.20521768981865,2868.660044769784,1.1420985486017128,Faulty
77.39116045664954,316.54401161072286,2448.980351848986,3.6032475005713938,Good
99.17861947054776,341.6764480804462,3104.461972098939,3.2981584659905256,Faulty
111.22156197012633,200.31321787142724,1919.5297239793763,3.6386601686431024,Faulty
100.32465260551147,318.7028284923786,2495.164420861578,4.05811832508715,Faulty
74.80630034045987,361.3834496236646,1999.0426222347523,3.367619840209711,Good
85.15765927133748,239.51794906543972,2645.452753049987,3.1480894197982763,Faulty
102.66911149186623,383.62861934188516,2854.75495603892,2.118931663338708,Faulty
82.92330534381219,320.95095046830227,2331.6952825275785,2.287779236350949,Good
94.43819428146229,264.7494072120796,1458.3144573491463,4.186734620177331,Good
97.74634053429337,297.2115461171147,2579.579258718598,4.436335405705979,Good
80.73069528421917,327.9163456260861,2674.695420693404,2.761889563687946,Good
89.404746439382,303.80026957062057,2661.717901984679,3.046002747253274,Good
57.58732659930927,326.93779962231844,2994.3128767288617,2.0953856250062337,Good
79.7561235866571,253.9663203460317,2071.5785281403805,4.172756845267445,Good
87.4743184860684,308.4680412018039,2772.08644218018,3.665416823691779,Good
77.5221681803515,229.314275154751,2977.00300499119,4.941217436463749,Faulty
106.32411303931636,294.438696932565,1788.5649663973932,2.121676922820261,Faulty
75.69858622039368,254.8046179267605,2627.860730367591,2.6219921009817826,Good
85.59955513303017,263.22350287051165,2298.3280675969313,3.2314459225255723,Good
91.30740577286092,361.8046587605219,2467.3909307593417,3.6464895377257704,Good
104.41273289066116,354.56550602971345,2639.0705934153348,2.7843323624523677,Faulty
75.6413784882056,330.45690604535883,2305.108574354579,2.1270389095462994,Good
101.63163752154959,245.38436176637106,2229.7167683353555,3.881407528923571,Faulty
90.10233061019586,284.1795775152599,2513.66096699521,3.7211353625455814,Good
80.18491348952048,360.6548849989592,2065.101624454879,2.083725899436275,Good
94.6210347426327,307.08584568199524,2065.669948445926,4.355442801105496,Good
91.9905969557347,415.9664769990847,2771.7493131826013,4.170198709196604,Good
83.99783122841205,319.6658919697186,2040.4823859365376,3.1342964972477927,Good
90.69802084990019,309.6024558245016,2766.5250003636847,3.0795978623760365,Good
86.14686403138239,284.54417678987494,2685.0365171415806,3.5540577711159074,Good
91.13517345251248,306.67704523911414,1809.6773084837614,2.138296929743742,Good
96.62130674521046,292.3765081809728,2228.974139065738,3.0300314791640823,Good
105.86016816145352,335.4054338344295,2977.643761218949,0.8476164553908196,Faulty
77.62184501173151,347.8351158397292,2107.5337875441273,3.8764556455029355,Good
111.33033374656267,260.70052697460255,2314.238295076245,1.4385067775581406,Faulty
70.47912200477498,233.4383523221111,2684.8243573007585,4.503419828428999,Faulty
88.48214904964416,208.18973134483517,2813.356203713038,2.66987990603355,Faulty
95.88317206484577,325.3995663456272,2399.384445582202,2.788333018068823,Good
92.80991867735032,244.83166969130633,2260.9959221233435,2.3722660939154943,Faulty
83.77300480179406,192.35547035237585,3068.947944679403,2.7119611260779237,Faulty
87.91877749642725,319.42893022654823,3195.5598655190315,4.418531345148036,Faulty
85.06999065341168,424.6499758716395,2891.5432203127184,0.5121913434649206,Good
84.10635243055789,299.6964544230053,2534.12725702601,4.276965386088188,Good
98.49602097021025,341.9245387225821,2176.6937113436293,3.338023481101708,Good
93.57015485965047,304.09146792737823,2167.8222373773738,1.7929783521427844,Good
83.07090404739346,295.05551734044286,2709.005642106303,1.9246876069507621,Good
98.9959987543325,345.9538241493884,2667.3592883554734,4.676393027208203,Faulty
93.07299520876609,285.48627279056745,3060.639437178572,2.054493120057269,Faulty
98.1286211883896,313.3696157035952,2760.1800370144556,1.8466494894040406,Good
96.29628841923612,316.0848903098007,1898.7678792960728,4.137314542364729,Good
81.71004989077927,266.59547731784755,2920.7790470891673,3.338552876285914,Good
84.3981895980303,349.60211747682615,2100.7757490742347,2.062074423463601,Good
97.47293605123262,291.2520121652296,2346.4114912190594,3.216624975404619,Good
96.10370265433465,262.2127420253578,2600.0800825006777,1.9742473163597227,Good
89.79098406035853,326.82549217852016,3298.2669959135856,4.100821398422605,Faulty
91.17327383308782,255.07660091044812,3743.9674224021446,4.0613709648731335,Faulty
102.77664895788425,301.4090578684564,2742.689223654473,3.532006198821943,Faulty
84.0842861116417,299.5440501677898,2426.721352511845,3.3616610612470166,Good
95.47097381170038,354.2947782915789,2713.80225939222,4.761188124867374,Faulty
87.97807347566106,323.73491164399763,2855.0621703495344,2.9996863273882255,Good
87.82318796772779,298.7486520627428,2371.7329497771234,1.8181258745791988,Good
100.9877685198719,340.8883149600143,3218.084542364929,3.449473912832307,Faulty
98.2541634898803,369.5103774508657,2592.028303676561,5.086047049537114,Faulty
98.13509636000639,327.8905153175931,2699.097235636558,1.9852405068141479,Good
103.05478807154329,300.517630992169,2766.3697008217846,2.6385372333060144,Faulty
90.21003841632759,234.40818838249203,2668.6346442457825,3.4164460381014528,Faulty
96.81952971294965,246.74431684623136,2835.5762001878447,2.946095150994261,Faulty
86.89733243406543,284.7387647822666,2253.098725381231,2.0176964196226854,Good
93.24166352488442,269.52438989203586,2276.6792984215876,4.121857856230471,Good
88.69856945632316,290.6514348507277,2059.938306811322,5.320040722017259,Faulty
90.96995964992718,302.83249624485535,2675.8004922480904,3.196131459023907,Good
95.95157025436913,326.48463771783656,2811.5746014048455,2.095931710264,Good
81.81779316766527,296.47506109704545,2683.1091464607543,1.451039474946525,Good
110.9238727568546,324.3250821913101,3169.796973339015,3.257975981221181,Faulty
79.93982618500299,303.223720740506,2497.7615924683814,4.103877343316258,Good
77.85811387212269,201.22667168230643,2767.4966622370052,3.475167746495382,Faulty
101.58110873500068,253.03323030906228,2063.3196495442744,2.997596159081146,Faulty
97.91662693962935,292.7956222139192,2345.1601190102397,2.410728348210694,Good
96.24119817052156,239.5152628579446,2778.215103026311,1.9078363672819103,Faulty
96.2834550926428,329.9964364998102,2839.6408442972574,3.834751326324882,Good
89.87753227153085,376.53754161718484,2382.413220934327,3.9137716213855858,Good
81.02745628514168,360.93809258486584,2471.3602992567735,1.4542702133092669,Good
90.75804558193727,289.3278564534896,1892.8505013276763,4.589838978180683,Faulty
83.22838288487888,374.5363068424976,2357.188319677356,3.5740712208940013,Good
99.7511973341775,307.4333728601056,2856.1532654079147,4.399594645145793,Good
88.52942618497862,283.14570144409805,2730.0820064426266,1.657872251514885,Good
81.74502803207488,269.329866822953,2700.2662885524837,1.634175844584561,Good
86.78614158347007,284.87651567559357,2519.909474872384,2.851030690232703,Good
94.12931454275625,280.5911590729386,2502.8252634512705,3.502784426895194,Good
84.36275447196026,308.52081111877436,2235.8715442106213,4.796360822926964,Faulty
81.77779604433569,308.0286990524932,2779.531368081014,3.7060789138151318,Good
92.43687211491913,300.1523010076707,2668.389177755756,2.7573187231879666,Good
92.44966571108722,321.8469084873175,2696.8075391971197,1.9736307923341079,Good
84.9305682462887,359.5323137393171,2289.5860629329677,4.23000057271915,Good
85.28961694381677,347.4777067720662,1638.6628320515024,2.035294574249285,Good
92.32049937357637,225.75510157750483,2938.8610847014784,4.628468554772322,Faulty
75.51915658502676,172.30394325490226,2308.4650175966385,2.715615350393491,Faulty
75.92536225623445,346.71599556196367,2154.8896943827517,4.590582072617851,Faulty
82.81555778747564,231.65606507922894,2777.3915647655976,3.6789312900592783,Faulty
87.86552848288153,288.7617299053658,2343.1949440323483,2.8630045105575417,Good
93.10907565598005,241.49434869703202,2923.9745536186488,2.4806036281738733,Faulty
104.75356216949552,209.900978120999,2746.802379830679,2.65909212265392,Faulty
98.5765962320202,327.0731364102394,2773.427729280191,3.4283166923752377,Good
88.40061470036574,337.95775801513236,1953.6177155197863,3.0771564962177167,Good
89.80983792097311,271.174479963664,2984.77759415456,2.406188591931295,Good
79.97470635362191,170.4478853927545,2604.500212493542,2.834368589682368,Faulty
89.8148686400761,272.6877775873759,2352.2891443015187,3.07857702971915,Good
87.11341361079862,319.5902002701273,2557.3553869369002,0.8712659055851879,Good
93.22718560338089,226.05442156129357,1789.505906840672,3.4581681147886987,Faulty
81.72769056447677,309.1679959889578,2663.4611245922683,2.0202787752831934,Good
95.19346514241172,299.23450754135024,2088.2513967271716,1.846667596794255,Good
105.32738913002578,328.9645749800544,1958.9318856625862,1.3126556528892896,Faulty
88.91239851543142,305.9790184207077,1891.0563255128436,1.2061075021321097,Good
94.01711722098942,251.34655295592222,2945.07534999597,1.6445524968877108,Good
96.90143991711112,359.82857508322456,2248.2946425228847,2.2909790423695098,Good
85.98779528114164,292.0735213486515,3113.4910839666,4.953259137526568,Faulty
92.24092481810416,298.63477302450343,2285.679414779081,2.474120324104796,Good
90.12592400781794,253.3366020463402,1817.0568169628214,3.1777501062680313,Good
90.97676098548831,277.8358874404245,2053.390224020536,3.400481386506329,Good
82.26990216144533,255.75986429865495,2994.3246480027756,3.1310651862158485,Good
90.24510174258943,291.35269700382884,2437.640728825333,2.9225565392740065,Good
94.9799829124545,385.5854240071172,2280.68508140376,1.8047062364007553,Good
104.51143607795042,231.4049428534322,2564.007290341115,4.450927548279212,Faulty
99.59270826085206,219.32193010616294,2700.713094467018,4.8071966436378855,Faulty
111.53182457511556,373.55851637468044,2946.9595263609845,1.3173413058773142,Faulty
82.3265243711195,289.5338161424067,3079.3996919571705,1.9759714091136205,Faulty
98.72320636720679,266.54636306700417,2356.0925416843656,2.720189657622994,Good
91.83342005738352,351.9952343698038,1969.5809255671847,2.0354622050898086,Good
111.89802933217672,269.7192230131568,2334.6139355506893,3.5059655534558654,Faulty
81.91701714644849,391.30048567734684,2604.1122026331545,2.271727797593387,Good
81.60278157819224,333.89629356696344,2114.4964295157556,5.165056067806603,Faulty
84.00607354555977,275.60442959271484,2117.139634041983,4.190548594343596,Good
68.76104275690193,407.86541066327516,2637.5151526199543,3.212574030632215,Good
84.74244978319238,269.7142538498331,2480.5390593718193,4.026986263319732,Good
82.40867338446301,337.1047686004654,2513.1187981646344,4.1059004243573085,Good
91.50393786476208,314.9646290203246,2196.6018661199723,2.4360525119417566,Good
93.4175597577716,365.0870644699399,2407.839714317693,2.183782755458035,Good
108.76170839215887,378.0755598363426,2130.3067422926783,3.0781430629696476,Faulty
99.5042383818605,301.6002074532883,2856.079364449915,3.8616361244979442,Good
84.23096344337597,262.3291064826908,2914.099733889501,3.1390603986534176,Good
81.01585328651642,322.9986071469558,1761.5248551047625,1.4230035178090028,Good
94.91919171506505,266.11423151239467,2128.195655923036,2.1971755560491575,Good
76.79766792979358,400.66936237633115,1901.3882979639684,2.926027136405622,Good
108.31458765854353,306.8267665541369,2239.9904262372406,2.92433439567417,Faulty
101.79440120721287,281.7339224343946,2466.6248120838554,4.972542176789808,Faulty
85.30824347895295,309.2340152932454,1920.141912120588,1.614012057601002,Good
72.86865470909123,232.64368552351516,2131.2560747498746,3.5055892418358745,Faulty
103.53872374165412,251.4192980744674,2098.4170511674006,4.48911310832829,Faulty
88.85460154747382,360.0206953972213,2582.9069317595777,5.271449745422796,Faulty
102.37816311973462,267.1552860514302,2527.7377348145,2.595602576816039,Faulty
74.05572341205632,247.65445086590302,2211.3049786650986,3.4914294527201997,Faulty
84.00624977046228,326.8326376263643,2570.728348855759,3.569760357198647,Good
90.05243699718183,359.28520773314983,2281.327966165094,3.195481731553291,Good
90.46980593764742,335.9476655332533,2391.3379558695788,2.901154798760694,Good
85.49934528520757,349.80238429029083,3169.3808361194147,3.435975389500046,Faulty
96.22849932347499,262.16024557152696,3036.1844207161394,0.4677539147803147,Faulty
79.32379570617405,228.90946666290782,1980.167505228961,3.682069490062631,Faulty
88.57620514978707,375.06668259777433,2831.89296715167,3.1261779036619672,Good
91.20295631711899,283.8660080578932,2824.558621796637,2.7775251032217345,Good
95.14438834058748,287.4583491772476,2040.6946844989527,5.046862195719558,Faulty
97.11614878088889,366.4097070924529,2827.5110575019444,2.325065981209448,Good
78.75357908162131,327.811500470033,3115.172767365021,2.5969240109349694,Faulty
74.65885829264377,322.7943886040804,2050.9820775022345,4.991553302204734,Faulty
102.7767682189851,408.2501172450542,2132.9988715942945,2.167938695150143,Faulty
93.32314011979592,267.8240884809928,2907.064586737401,2.449884717063461,Good
82.51513463443446,346.3920064040619,2608.598124330259,2.85297457656915,Good
105.51151975522524,302.85065624485424,2720.5905100958093,3.840734482129549,Faulty
91.15674634292859,313.42961394316285,2636.2356865601987,3.207802507353313,Good
101.79297184063826,376.4234213206266,2656.278368371258,1.7073746528477374,Faulty
90.67518481410109,325.3917878144812,1969.411148675567,2.4678314368728103,Good
110.60747924881987,326.91480395248163,2918.9270826485795,2.3926455667877886,Faulty
107.55340842443204,353.6253668654901,2967.8359969711096,2.9227789547769545,Faulty
87.51035851520926,281.7523635228557,2408.243702372789,3.4258436586298293,Good
99.71570950954356,258.0395166330497,2482.609220074455,3.418205755887972,Good
96.45375949585147,247.7595402989483,1887.5569989777111,1.2239882459515978,Faulty
103.68631557532349,201.68217053119992,2705.701902407134,4.063940987560856,Faulty
80.35076539419896,402.8103564970161,2728.8229766856575,3.2525688459966235,Good
96.8605145999844,244.83958171391583,2475.1235932002755,4.384532047593906,Faulty
100.58424486849587,288.9373188207114,2949.741343948201,3.444198327290672,Faulty
72.41260513576886,286.15933500555394,2366.369107608024,4.101322957735762,Good
78.16741487334225,315.370334890455,2725.84237035744,3.466545311450127,Good
69.60767822239899,340.7868606269648,2092.134264523154,4.346225756202748,Good
87.30593165555442,343.02367441798725,2490.5791396503046,3.5222506360177785,Good
97.17542255795962,270.8461280715531,2430.2582968388656,2.902084753557096,Good
105.02357052096028,291.6439143106794,2590.1231688163766,5.272434720446881,Faulty
90.74094780419775,314.12899752441496,2352.1892284666565,3.889037122279892,Good
106.28615545571292,287.56544369082263,2447.410961731333,3.573744421004413,Faulty
76.19898541785109,380.36727880099966,2830.4188685766026,1.723695583461664,Good
72.96617560644845,324.54874758191255,2325.294305104713,1.7116923825364623,Good
89.44452301103381,336.74388930249086,1857.3691597045283,3.2927154821418534,Good
93.84065448939307,333.14406343337066,3199.8335616821682,3.145521197768241,Faulty
89.67305251905907,358.67369287426624,3052.5816314761946,2.385877434991684,Faulty
69.32557899960123,309.05107793518533,1983.0949219577524,3.14098269961206,Good
89.10879960487212,235.15840260220767,2775.883122098078,4.588626928043595,Faulty
76.95530499495146,319.9843975876321,2298.8100917794627,3.6954024745502987,Good
96.69672548830039,267.4321553104086,2605.394886132424,1.8589914902472617,Good
93.66598246096848,273.5691659125122,2617.6896516053976,2.8884911728570564,Good
80.60120213672644,329.3182009377547,2406.236879873471,2.1950335191474393,Good
84.86133082663306,361.91415357168177,2186.4937337654414,2.612300083591439,Good
79.40786478111049,301.06357883680306,2223.783579073496,2.5863843343703574,Good
89.37320902726829,315.4416506299482,2133.523233807503,2.5223544173959946,Good
99.55142320501238,385.1107472317619,2167.2711167078223,1.7448646280266051,Good
80.14273953664457,312.03765897442844,2473.128683980258,2.87234531848181,Good
95.04046515517844,430.08415570901974,2213.696004355699,2.43939236315269,Good
84.69742381627559,328.2754822815772,2772.820826285048,0.07055130999773196,Good
82.07127167737656,211.96186204220913,3094.8984621343707,5.052972024501663,Faulty
88.92969640045442,337.6670810552266,2267.9787034519827,4.088769654216672,Good
79.64757677580626,319.0579192441389,2595.7618002141508,2.623699275075004,Good
84.46350694652818,364.4876377041373,2699.8740441211735,3.0188190497405984,Good
78.02122107411151,333.6590675634979,2688.80090836771,1.8283456526824382,Good
109.6472513291639,293.0772008008113,2530.382107166435,4.695722877810866,Faulty
90.35263551971728,238.78508818553172,2797.072967343889,4.897288694773112,Faulty
83.00274492007415,289.54883713569876,2692.8995810722627,3.1566937282465246,Good
92.13979910734221,257.473977289535,2004.9350310690809,4.023530644185344,Good
88.8767195030917,270.97382750976385,2847.662425755709,3.175286778933924,Good
87.79030400466777,329.42892022103047,2854.9163349066966,1.6632745611240694,Good
96.14166700043425,383.4952252175703,2194.6855583285674,2.5881766310363425,Good
97.57507710047305,319.73357649114905,2515.175134179041,3.131927966771957,Good
84.69498852389472,240.2058468982408,2773.331597124428,2.545452281256556,Faulty
84.2418175935532,322.23013341100705,2416.274472168255,2.781346722564964,Good
87.24948302848355,359.83157433228257,2929.191219106405,2.9086004424908856,Good
66.98078835264415,269.51085478403087,3445.5489978477444,2.919121502134539,Faulty
74.84808937801448,293.2991416663541,2185.605586946007,3.052258490497483,Good
103.66874267444524,300.73440973645984,1947.58215873849,1.939394933603399,Faulty
106.44967713501283,260.755084345888,2621.52743824195,2.2829838508720637,Faulty
87.50963960443622,332.41402169219293,2788.6250020504576,1.7154157343000307,Good
95.76556963055766,293.95259256961094,2407.653450462092,3.9778155496862,Good
93.11250154543536,320.9766221953514,3081.3042653284137,0.8943530581596755,Faulty
120.78880808455239,255.625391109895,1964.5576801107004,4.1535903433169254,Faulty
101.19574911434577,278.1270849838295,2777.1674492126444,4.386349397262843,Faulty
88.72082408519233,336.11906789138857,2257.655671696443,2.6978194130173785,Good
80.44459559399574,281.3583423954116,3187.7511624829185,0.3968629121727014,Faulty
73.93553679742428,386.34819256167026,3297.0061412672476,2.6386894380327095,Faulty
92.03463635867223,280.0181907192699,2193.337364886661,2.935815838711181,Good
82.43649254715697,311.2342362875943,2280.1771456365677,1.9894017800710866,Good
75.77746290402325,346.6295415936545,2843.835154791921,2.484781606191757,Good
83.53427115757474,229.08171335334842,2345.147740084194,4.5301951988633515,Faulty
79.18451996385605,211.9595594009612,2481.8355128271046,3.664927162301741,Faulty
106.87141635072564,223.71718427149526,2510.1553682169642,2.0754358856219,Faulty
98.81639756949451,363.1292051713591,1732.1307375209376,1.4024008304045679,Good
89.92027358683383,272.40709270537764,2494.464901562305,2.672982682390229,Good
104.79944138890026,427.9099642834126,2224.1088903743303,2.7865432206495617,Faulty
90.77368307647619,271.78762006713055,2302.750871040091,3.4961991873633163,Good
81.38715798671737,309.22756515985185,3077.4528013875256,2.464683287432341,Faulty
105.23124077269657,377.1054976283938,1997.3972422882975,3.5114995753618614,Faulty
95.38910043684659,400.3046444079562,2825.282074699191,4.93515404006023,Faulty
79.62753845673544,403.0751788318199,2388.4148278672765,3.8155010224442627,Good
88.09661321916391,360.4183115296571,2388.0959326016664,2.9519114926692276,Good
81.24381746615242,351.2031262905731,2816.1487584206843,2.8168495289467055,Good
76.17200269035663,329.62634746005915,2636.020517827556,2.6433268658201285,Good
99.26177547531641,338.9180538083319,2728.2451988878124,4.180640912452144,Good
109.0941664047013,272.44071418357333,2887.2738642131444,2.372686554048697,Faulty
76.01432426180858,259.09005582888466,2367.476646726671,3.0452227089999826,Good
95.62969236690572,299.8312771294524,2255.1053061969,3.0511979018810855,Good
83.49357430878173,291.49076887375355,2065.939789376881,2.498215807188468,Good
85.12874616235304,277.33859753363623,2169.8357880084177,1.6275344521158992,Good
84.07606075761132,334.81937237283574,3679.63777012349,3.3229745036176683,Faulty
81.36009230320184,347.76526042852555,2997.8718322947147,2.9389960281446164,Good
90.48521627944827,304.42034431459234,1959.5702535167916,3.50024046943657,Good
81.69049883588963,373.8765040527631,1971.0168173025718,2.466399693560833,Good
92.70456825779839,242.91554429332476,2692.7464246873965,4.220821298813048,Faulty
89.49761890550863,290.3170270360141,2718.905918951187,2.1232262187881554,Good
87.6105195313359,264.15888396985974,2719.5535341269456,4.712040284017893,Faulty
80.92436337958402,206.673169146347,2398.017682578521,1.2523634901717384,Faulty
84.23228669431667,295.86596570786503,2449.81829599884,3.4347700645568913,Good
97.55391225825755,293.9126245808358,2631.151809663743,3.4754306825266235,Good
95.00917187624381,375.67248716210656,2534.357202517332,2.2044429320591177,Good
80.22444755201448,331.54058422773886,1612.2798509009858,3.4243939378610126,Good
90.99332305429226,248.79065878353975,2408.0801477699224,4.279518669760159,Faulty
97.5138712337179,392.70462831670943,2159.4374262958745,0.7831811606459356,Good
73.30594718878629,361.0516847762676,2570.084567563405,3.5027448074908145,Good
95.43360192379934,329.1048851734308,3694.103601041364,0.5067291796699225,Faulty
83.37376241054153,288.6757950575084,2646.9926661897216,2.0343351964767917,Good
95.70598668593159,252.028038163826,2374.588125531041,4.629166364900945,Faulty
82.36740843457483,281.3896611964474,2868.720600790901,2.418217966607946,Good
71.9511789933548,354.4374309852093,2693.075154883685,1.8261200355910274,Good
73.72457562116837,394.2293152967304,2668.0377961807367,2.802062271015318,Good
90.48084946661382,377.1621764136095,2742.7402372862684,5.067906338163552,Faulty
92.59722501721483,275.5575289106863,3322.617425931817,1.1683177527939739,Faulty
80.95683374895592,244.01912833554945,2047.6446258696337,1.9486900883606555,Faulty
96.38592458777374,307.0443123455602,2689.452830724582,4.497431683179626,Good
73.3847993773104,211.57803172185743,2129.4475480073847,4.857702343537732,Faulty
89.33920201352683,316.1583857092391,2722.2050585368993,2.8965687757097163,Good
77.88983800237543,292.6198706850666,2132.5253954055624,1.7609472974733575,Good
83.4816389219784,276.6981749065879,2333.0532745579662,5.095843501809159,Faulty
90.47398671316414,220.26484663666022,2381.9640343048377,4.5944423917491966,Faulty
81.39586634716048,325.68000532848583,2890.3266877378837,3.6789469877622327,Good
86.15444455770175,273.36495801690444,2867.3817775769658,2.18759765106258,Good
100.0629280921444,241.50415821448559,2001.7130494214462,2.950970659161963,Faulty
84.23108130476851,156.38688933591754,2521.9736443999395,2.8396399189551693,Faulty
98.35692112065142,298.62425474746817,2216.168058100331,3.3308513046155777,Good
78.70293145342382,388.6125798334872,1996.5980357298663,4.451001438131336,Good
95.29804177915283,383.0629607273935,2413.1931798302517,3.879417041137403,Good
104.41568620657901,277.1451871706864,2376.606884617672,1.9226239230152418,Faulty
65.28355499872711,269.889396981911,3470.6865945382087,4.376496450019538,Faulty
82.03104744529523,323.4387128037512,2673.1839301442783,3.3131321400131553,Good
95.7707212718054,250.08072804058543,1948.9529996983051,3.687065795858916,Good
87.96954613957007,315.0895949909733,2274.090398331623,4.466540859278603,Good
93.71145873371309,338.30401391923454,2908.553318171759,1.8884197504864488,Good
83.9601481328418,361.34666119421536,3335.3771091479703,2.9641744212935373,Faulty
90.865897874729,294.99229617600236,1865.6066751048165,2.4685454486407847,Good
88.44322764607921,289.81631249115173,1748.030245944382,1.4321405746345441,Good
101.67782061659807,256.1008706621719,3248.386070148713,3.34670997760492,Faulty
92.54420843301213,258.655982298007,2655.8456709483617,5.511556551584423,Faulty
93.37602662075201,288.67605540492366,2152.6829072494534,1.1599222554942472,Good
85.88123033877532,318.3682753408089,2713.851634448974,2.96771938895053,Good
85.12393775927507,345.6792313116625,1445.700904393249,3.6405429350747736,Good
85.6744181218038,259.8410524659828,2501.350202638864,3.123078201656181,Good
93.94452142378297,374.6344284479761,2631.128469137234,2.8868719474842597,Good
85.79015519179737,286.4438199478716,2869.708055815132,1.7007836365541757,Good
92.89774856896413,298.9316352825782,2094.4416190829847,3.2327867429401635,Good
110.75400798645438,262.63941604260884,2534.2748645613437,2.2432360229840738,Faulty
98.71124703431693,178.7879869863529,2129.8301495761652,0.8100782950214467,Faulty
86.73976467832159,344.2022698180525,2602.1535022697267,4.194592220513731,Good
102.01213922163944,336.84219485462165,2141.8614710547904,3.9583858198420425,Faulty
85.91924626978448,285.9336221440893,2336.7596643359116,3.0516609768510796,Good
69.61875464822145,303.3495358612436,2101.6738420839083,3.2290746882057024,Good
79.91913689082595,325.79696088520495,2760.454496729463,4.074318012715562,Good
71.29208078974145,221.87270715567286,2843.380446662666,3.2243396567780827,Faulty
86.48486515958692,273.5473661326853,2406.1517720170345,3.9040175547613143,Good
90.18418379189552,339.7132339810914,2515.2951979840113,2.70251779912615,Good
106.76437312275283,237.28552884153754,1920.5634341465825,4.311983738573947,Faulty
93.26927373764163,314.6778966083315,2380.1293407972853,3.320785725932684,Good
87.80899471191135,232.17090976882974,2479.918153183302,3.194051943605874,Faulty
98.2940558118349,323.3214991216763,3548.31723641199,1.729938911287968,Faulty
67.88864690992115,298.2179258851258,2055.2131896903347,3.286955854301709,Good
92.35614558108566,219.24340920472451,3085.670895500975,2.168045082505549,Faulty
97.70865193886966,358.2369677228586,2898.7435093863232,2.361717273471506,Good
75.21413754220158,263.27042116009756,2612.2545617960545,2.1846243716838787,Good
101.43754043206928,259.48737814928097,3203.4481936780535,1.933765068100775,Faulty
93.38496407494414,310.02845986154716,2648.8421890427453,5.124771403016961,Faulty
85.84712086099199,357.43186747143574,2655.6636782671717,4.331339061988404,Good
96.32781866106285,249.20890905108016,2478.751738792982,4.920367502144261,Faulty
112.70692857804396,303.0839924923986,2989.427552967451,1.777104980444436,Faulty
91.81866255058495,321.44082501652866,2938.5876935243537,3.0712537499108925,Good
92.48220586300336,334.6552803631572,2249.729085001515,1.7064923747959042,Good
85.40639100459757,308.8220777638613,1972.301122160493,2.304305122802936,Good
81.50155630535208,281.6486080458339,2418.8077450417372,2.081873016583425,Good
98.30335816544246,258.62048896756403,2179.9845742409416,4.239584006441562,Good
81.43916174091133,304.30719415231874,2474.590170153858,2.60377032189824,Good
90.71566237219392,246.39304940071966,2994.9752538736557,4.068379333694017,Faulty
85.22342553234883,153.93247582526962,2317.079337965284,3.604120889588518,Faulty
94.78979825746391,321.8279902078834,2482.87064747537,5.3036387521047885,Faulty
93.33662105286949,345.19674205430977,2523.209093923358,1.520555776860276,Good
100.375399442579,181.85337822290808,2839.372352882114,4.2592332397867985,Faulty
84.89983601145254,249.5134647645031,1601.2442664061577,4.146440870400728,Faulty
87.30125064706628,330.9577130502599,2257.3198820938815,2.0266211619729653,Good
80.21236284217693,402.8747734855849,2584.513476911789,4.00713333647316,Good
85.55706739923889,301.0396853837704,2980.0315825707444,3.336144963026229,Good
93.77300493044852,263.5998529385433,2303.239020997518,2.772523740046592,Good
97.56988616645351,290.855177944758,1749.3789175832503,2.1760645130280003,Good
80.77834675822375,368.74382095740924,2747.8845783864545,2.280890548550814,Good
98.6960592010566,267.70179104377326,2245.8550444697485,5.049812095785926,Faulty
103.55637858804951,260.04039966748735,2024.1333363638555,3.0006828189574826,Faulty
94.13434903223701,275.86282389089837,2250.2618441147106,3.782130001531459,Good
108.76795812558066,252.33356958706437,2426.1898569376604,2.209100618332447,Faulty
82.26210800896428,306.13351579973977,2258.102134184715,2.220147053778361,Good
77.55345296688583,381.233922923478,1617.7735771603725,4.081984809249942,Good
72.21279751095722,316.1539636558015,2858.826478754853,1.6504237884484678,Good
104.96044311489183,287.3823248936856,3009.9500165114887,2.5847862320947286,Faulty
96.54365656354058,285.4094365542228,2760.6087965358024,3.034027411072232,Good
89.44415329089544,221.84045956516715,2044.9257318300733,3.1113726018400523,Faulty
92.7996862631982,344.15548885735797,2419.403386420993,2.8209067149838436,Good
78.74510952701624,296.1081401493599,2497.391473908217,3.395819781095923,Good
114.45751979616827,290.97600432046875,2739.517755824764,3.6928557558178117,Faulty
91.29221181975228,459.65537839224305,2767.3361954872325,3.73463754545933,Good
91.09394794604893,314.9376454182843,2206.3304804886016,2.0141961913321733,Good
97.25766623898691,262.41044749524076,2532.798222565424,2.7158449020712028,Good
94.81009231736714,278.6821201897228,2682.9121618460963,4.194762861876938,Good
92.23884024279131,357.4222854598377,3082.3289288587066,3.8946471875738724,Faulty
82.09525544554688,305.66352052688825,2781.8026159298893,1.627140548518936,Good
94.71468357135996,228.08610108413166,2815.6226749502075,3.3514799003522016,Faulty
108.82024496475034,345.96144672876017,2533.5306511717445,1.0217747506251897,Faulty
103.45420046154977,266.5927957230503,3064.1836580814015,3.0469349020603698,Faulty
105.93186626639397,393.6648888108773,2663.905118383799,4.897767016745977,Faulty
84.88784323568815,354.00240328573244,2155.564835930572,2.0521072827310136,Good
80.1039517974142,277.6339052170624,3061.3479880500763,2.165676954508418,Faulty
88.74213079900352,364.0508180867556,2779.161309015611,3.7640297815728596,Good
90.55724912288694,303.39277552637014,2322.782391548607,1.457198484790354,Good
100.94191518470949,342.638683756111,2308.2028130403028,2.367244970114961,Faulty
73.0753537028518,324.23664086472377,2618.630218056305,3.5964411375817527,Good
105.29550319460614,257.6821672504563,2685.2739181070338,2.3657141523105967,Faulty
88.4199210142101,267.8225083841269,2578.9169062524825,2.7640300127890285,Good
85.7311893005258,351.49804087905807,2624.523469377154,3.7441857103150347,Good
79.87895624739832,283.26123339467296,3179.982949830552,3.4215460835365614,Faulty
73.4514332813423,279.81757683790016,2928.617260893954,3.266818396295402,Good
98.23170583961914,252.24387103253235,2576.25423650601,2.660877720729961,Good
90.73317967188405,321.17995327967304,2876.5242323069933,3.3700611152689555,Good
77.10039100258946,403.1262459621572,2086.990438588984,2.8762673199002435,Good
77.04921227936384,246.62335428728636,2659.1708199787236,3.4578056099257846,Faulty
86.64215300709871,301.2109728336379,3223.722539893244,2.503067974882022,Faulty
106.69021525289392,370.61102777077144,2412.7816418430502,2.8174310256204587,Faulty
87.40408648636395,296.01793043771426,2160.946428552366,2.0100422074479862,Good
74.96857046881894,322.6185898124867,2239.1644445627758,2.964992389993764,Good
87.54256935914056,246.880323592656,2064.1467850630447,2.188999136371155,Faulty
87.2727643025233,321.4153548603824,2186.0952367489185,1.8859535498380067,Good
63.03113357058429,290.64278674977254,2351.7967605639883,3.258661147855388,Good
89.45705133482188,349.2864997839931,1937.7731923285432,3.2127397758576604,Good
87.69065469791322,359.3693025782376,2506.2473335798413,3.7828737349485726,Good
96.96206364813418,429.47818210093067,2860.9108695146588,2.568874430424901,Good
108.48956094945345,328.98165866067876,2136.8975279412316,3.408052846836756,Faulty
101.26565029547757,316.2898158291083,3107.713569456708,3.5507975722736633,Faulty
87.3111130944517,309.7192150788668,2704.316835411038,3.4447738078315946,Good
78.9347409125833,282.3416853594656,2912.2322342496227,2.174346317197858,Good
115.7335980324986,316.9241921730846,2236.866178459145,3.149363482271189,Faulty
90.59218434014488,285.22992949304853,2841.810090826646,3.3641402960546616,Good
90.13929291912946,308.4230488134807,2063.2264398418747,3.0071784669079418,Good
89.75874912889996,365.879876780398,2856.0990003346033,0.9135223416289153,Good
91.98084760767856,249.67287173601795,2568.7357359174125,3.16048962397348,Faulty
88.55639588076058,356.99392805645226,2721.3004879939135,5.212531039397242,Faulty
84.26337993119763,365.85575336699327,2029.7621577500595,2.639960731243017,Good
84.53141058759608,294.0965736504461,2141.972063089358,2.271922902144679,Good
89.67246729784002,193.90725504957027,2738.8912873013537,3.373348559711398,Faulty
84.56575228866235,269.60890064527837,2120.6607983103195,3.3123782104665715,Good
82.87154217322836,364.84972732805545,2685.2825168396494,4.192735165416415,Good
91.06430227691897,298.8565968850559,1953.1448774159016,1.7421318440911122,Good
87.45022782579144,250.03488838525448,2839.269685066667,3.7313802525749926,Good
105.0399298858269,274.7612539385891,2006.9906740925962,3.5904220612514637,Faulty
63.49030191606988,342.03100132522763,2720.9199750718094,2.857853463059454,Good
100.91506851922462,327.33667841006894,2750.2523734584,3.33868731792169,Faulty
102.4608519249763,288.0533950415153,2221.29127262817,4.0294574815983575,Faulty
69.2660976759185,281.6587794092656,2732.8106268338906,3.8723153800284504,Good
86.57312405919652,280.4120925478089,2604.1769053334224,1.8569806879262714,Good
86.28559134004209,253.87949077507488,2284.4632575229048,3.8201581867554846,Good
75.92488305282178,380.7687844734721,2096.5781263695167,2.9353113949674814,Good
82.22183312409125,283.883976539433,1714.9497233309685,3.0728740980155154,Good
78.89424154534171,360.8579260412748,2639.8600189198773,3.0731969910016943,Good
107.52270443423623,376.0658025961226,1874.078891455178,2.84975701120174,Faulty
99.35678393147461,349.91554490739804,2538.1376797765233,4.191707497107065,Good
102.71555094994159,278.4189843640976,2394.6207135671,2.916282040150788,Faulty
97.21672064043236,320.1865045168305,2771.6571101752784,1.8804538716168313,Good
78.70948228782771,298.7902196804542,2379.1818002040545,2.606470144030271,Good
84.75479733720226,254.8149069634936,2368.2208854611636,3.1786947168104756,Good
94.89374561227918,316.21796408608014,2792.748281715318,4.22921478429705,Good
77.77872191108054,241.04801044200988,2634.023211633647,3.6030946849488337,Faulty
97.12998430172388,359.38396942307816,2626.4623828731114,2.149464721252956,Good
87.59674601841866,276.7691351350803,2687.7070359234103,5.485189916678891,Faulty
86.25179192450402,310.05798279364194,1885.7711507171575,3.2647753109779796,Good
97.10959968203491,314.1643935773071,2802.715471994793,4.275390737999015,Good
94.4426331148604,287.05475131479614,2744.987517605441,2.8482855664227706,Good
86.3903383418092,329.33469007376374,2093.326748569401,3.5333592447054496,Good
101.59329803364248,276.2548171688738,2402.3678105303193,3.839468504518405,Faulty
79.18936672400102,343.5648648728622,2484.2770849489475,4.218194711754256,Good
96.15935606944264,232.70101598766257,2446.201286239307,4.057368305378225,Faulty
95.93101257968384,306.31897897732057,2633.5439866274137,3.872197000072978,Good
86.9045356068601,396.94644995291424,3072.5467127324737,2.684913268805891,Faulty
93.26133022242118,249.98343376972127,2932.7066910691315,2.4282539580439386,Faulty
77.48886423614697,266.11275147375744,1975.1123226274376,3.3326075103241974,Good
99.240270192069,325.69539248294575,2748.8279961224193,3.933128072341069,Good
88.15097863557011,308.9790890969799,3031.573327814164,2.777279299223393,Faulty
84.7727697948096,317.53150496367795,2654.723408275681,4.065171965714386,Good
100.49009225836889,324.4593565073832,2936.3921700743867,4.452616745486179,Faulty
82.9565630945724,331.7360734280885,3304.908178280306,2.08367908092658,Faulty
75.91538703636441,355.4849920978112,2909.4838184427927,2.16307929620372,Good
74.43370826476097,320.4909328464256,2599.7234382566917,2.8596249410946637,Good
96.0600995134564,287.93711726907287,2918.0353896339016,3.307612668189196,Good
77.19570647503717,333.62868506013655,2557.9551332387564,2.475432986232949,Good
107.54794181984364,394.9940967447608,2509.561217313982,4.352202678867144,Faulty
69.18070592116278,293.3683126808713,2359.434305714507,3.424066861518451,Good
106.96456368290038,251.27353476646792,3125.3653435328433,3.0394470482407394,Faulty
92.11017467202619,355.3540334643486,2172.6285336231995,1.5640904761314725,Good
89.03286888129608,293.9809418023201,3112.947089871246,1.6841841835724929,Faulty
84.5508091319105,191.36652269929817,2699.9456494961487,3.2810092502818065,Faulty
93.9913611435207,342.37108385752106,1940.2775300792234,0.8674043738451638,Good
89.62365297575151,273.23359070230384,2647.0597171965687,4.012637409644071,Good
101.03301882016521,295.47333588479194,1659.9893969393504,2.8418461556276795,Faulty
91.1422764866204,316.5990165284507,2750.2032067324144,6.243092969594733,Faulty
91.50301761461877,309.5249839889533,2854.0925931955962,5.307916250616111,Faulty
86.36387787786144,335.47259085695197,2263.0576177391786,2.818550930752483,Good
89.43054376278933,278.2256814715078,2549.419078382233,2.893662997468685,Good
93.0780176889206,325.65528990880415,3281.6629735001143,3.99558151400203,Faulty
72.89831607343375,287.02266612080416,2297.7013182952255,4.703172609918038,Faulty
76.51814577894287,336.94052404437514,2076.43696517736,1.3619709425639832,Good
97.43264094022715,330.76837420065266,3092.6653609850396,1.2136245346453134,Faulty
91.70865438127942,253.22806489777022,3285.034876212318,2.3779651944456184,Faulty
88.1601666364732,354.2991058087516,2501.478268739139,3.5827375831738646,Good
90.18433933065393,273.2018277442976,2904.5852141633422,3.496873590507597,Good
93.47581705361671,340.40288991405725,3036.5903662123524,4.06977145498385,Faulty
84.60240319690638,318.36436567006706,2203.0063069846465,1.8003024716346918,Good
82.21695274597687,391.9091838397561,2305.8776658528527,0.6838561370311234,Good
91.95845255097682,288.8267008814074,2992.349805261894,3.8580141953021454,Good
80.21627222384969,282.53416019409013,3174.0057114834035,2.1718037270347654,Faulty
94.08252755714472,299.0290197056134,2725.152344069742,0.9815121356113621,Good
72.9741639576216,284.8410108582862,2148.0742585991784,3.1450637459593818,Good
100.29155637325644,339.9970950971025,3294.824444679776,3.7931756882186773,Faulty
94.72597482413043,219.1844695781706,2287.611640875214,2.8779428678787227,Faulty
92.56029734313876,247.3158790426823,2365.944887531419,2.5421516138175106,Faulty
99.82690983945514,246.60985392104035,2636.9351337958487,2.8406377678540933,Faulty
106.65474444462576,347.5153795986788,3121.66416828591,2.6294172375992173,Faulty
100.1437006501813,385.5306686290963,2841.5903906208896,1.6519528880598329,Faulty
71.59125768668355,294.77753907312643,2665.946200144764,2.2853193230095683,Good
77.20423033264298,291.5589138404995,2685.3154120472427,3.5212799050138144,Good
83.75181422304321,303.50260815565906,2517.4058674573866,3.3216785413765,Good
90.26091050210833,358.0939151304095,2723.2558058074023,3.1680598059668204,Good
95.17659020469122,253.63234329047128,1488.1759689222788,2.0048515181466207,Good
82.74256186846534,311.91844913673924,2381.3570163720806,2.8184968378643327,Good
91.86766764477078,348.7598814891215,2596.5287739667124,0.8229349535571453,Good
82.44617067646678,325.05470849699225,2039.5943665521972,3.1784766638853896,Good
83.88482197008052,309.4790808299372,2654.529327124624,4.428857707813568,Good
75.93338903151778,350.05230462835704,2418.2115116055516,1.5258678679578943,Good
80.76766753889096,164.83838535003815,3202.190279326196,2.414072326682245,Faulty
76.48315394383667,333.8937659765454,3129.2078900859424,3.3291067787101296,Faulty
80.24126747022667,267.29621584362883,2313.677772352735,4.252842634427484,Good
100.5364179660784,208.46835515717714,2439.664915373322,2.5517753836998507,Faulty
80.50601111168056,325.560129976249,2470.420973756643,2.3077496707341036,Good
116.32382064837391,368.68292725814786,2319.336209536151,1.0310768575839169,Faulty
94.93317900880889,293.12757426861543,2578.0099936112506,3.1034381293081066,Good
91.84836123694873,347.64372736014695,2196.687172444964,5.042076040143744,Faulty
81.41642219818786,380.6139128994323,2047.7538660249895,3.277358461964676,Good
97.00309879408991,365.74572267920234,2749.0844895601076,2.9777210208162868,Good
84.24362173762226,381.99822646856967,2751.811833688724,3.3220823107669855,Good
91.22009814645361,337.1063745535946,2178.2736961360033,2.988907996051398,Good
115.60084538268795,303.77168194507965,2858.14217230504,2.1869856277398703,Faulty
89.03940100275351,219.90170940514156,2247.3689083338672,3.8232799156777055,Faulty
101.49273326285676,287.69687559350257,2601.2660952151923,3.2257615231117542,Faulty
82.96823574874112,257.8376702341904,2828.1376050449826,3.0176132519336574,Good
89.65011509503039,408.54713587489067,2486.554974118515,2.02463397272175,Good
107.7080063563551,291.2057093783832,2681.8963648564536,4.303507931934759,Faulty
83.73032942212232,306.1602403392243,2293.4281424449714,3.66470274533311,Good
108.12448557996929,327.57426880202337,2421.413366628761,2.447079162632698,Faulty
97.07751935455475,302.1801223186227,2417.656227647864,4.001824853681937,Good
84.37533224105732,384.75255202153767,2201.3686613839045,2.502429161614793,Good
96.3240773905552,268.8675319132774,2429.290334753687,2.217996507488963,Good
99.7255444962673,309.73037276186216,1880.5526804545013,2.240296882519713,Good
96.21809962217196,262.8764707150976,2303.538501143158,1.2289314469119088,Good
74.29775280109544,233.99887443896472,2386.049802652132,3.4715423804182057,Faulty
82.72862824175131,269.41154545473574,2397.5280990018477,1.1688551216616498,Good
87.52481364448495,298.1481601475794,2403.4010216516886,1.7715561687342374,Good
89.25566570899954,278.534888774137,2475.2943200559484,0.9244119909214668,Good
96.20672097550678,265.3789510063072,2691.7766072344257,2.9139303072091067,Good
91.77701000933254,229.6841268164083,2849.806829653009,2.849679539728128,Faulty
76.64655641289899,295.8447213685653,2240.093909260693,2.673303786813636,Good
93.80197851005963,224.7639812984499,2018.7196578443422,1.9574223053294237,Faulty
96.10585745283824,338.0027981844801,2083.1822351027586,1.82776624656336,Good
95.5979044793104,304.1219876467252,2305.1188315220293,3.4643698635465743,Good
100.80780725554622,227.1224250267535,2359.2314728733963,2.4494480682915123,Faulty
98.33922154548904,284.5395461475068,2192.0015735210172,3.3163583215361445,Good
94.59180079228437,262.39217972047084,1981.5533343000423,2.1147513138757774,Good
89.29834288541353,315.95872552095904,2317.5516690103245,3.1810627427710823,Good
73.39039066484008,367.0225223011572,2572.5706480455883,4.303278037316064,Good
94.29618219132585,206.24137651771275,2738.0117863342257,3.5861658003927834,Faulty
92.07687687163111,305.75130395737085,2277.0307787566717,2.5875861817835197,Good
92.71578837195374,291.99336022166796,2334.8008711426264,3.2571989703559274,Good
77.2325142417969,333.5670038225233,2129.320676461076,2.759334825469787,Good
79.18943459591738,310.65983141188445,2487.4243318500894,3.007880184694728,Good
100.53152853332904,262.40153341305904,2160.628546323674,2.6743889478514964,Faulty
89.60444846143345,284.0473032166691,2729.25112529648,2.8356647941146087,Good
96.81500697372624,260.1987071598255,1785.6534032263555,3.212093353074175,Good
90.28318376130461,353.80035692992993,2356.148131019015,2.0066413004180492,Good
90.29756139495746,301.0655824335971,2620.442935676697,1.9841211730100217,Good
99.38283805975998,395.05953428765037,2573.5338065290016,1.611457446168789,Good
84.83955271782627,296.966959309269,3577.2134655921986,1.39972889549629,Faulty
90.96120776940984,264.57966165447687,2639.920009827163,1.7827173077795206,Good
85.37724711294958,224.31428036935864,2098.378161263196,3.1594625068041293,Faulty
85.65503772567685,209.84301618720275,2461.8143011643706,2.107212484508116,Faulty
86.90827876531361,220.7932028497255,1789.5014666134193,3.5136144642310962,Faulty
92.22133771633713,313.35633255057417,2467.7601002812958,3.0347137487525617,Good
85.21251378336522,325.43625116149667,2166.7775771996967,1.0314957865619463,Good
102.55756125573521,220.94046489839332,2866.156110224065,3.65497558422169,Faulty
81.05392697780496,344.75191570380576,2280.183890161786,3.81079864559171,Good
88.13128355838641,275.846947415828,2453.293633681901,2.0061373251651466,Good
85.60268941725825,307.3396505992775,2245.7768634382387,3.4201915428949916,Good
104.46977884353733,380.61103141277124,3195.5405407413327,2.143501762590801,Faulty
91.96554776511574,344.8419657932766,2371.5028935528353,3.0976703767483356,Good
100.31844539468635,286.5734676047084,3233.0228173916807,1.7355015930450344,Faulty
75.14439626963028,255.44038872923562,2825.6607048473065,1.2068935474654232,Good
92.67050265869258,192.40922993353476,2692.8266909341546,2.6171828103870314,Faulty
98.89630795623437,264.042334037879,2647.493258927008,2.876271053725164,Good
90.82283989275425,289.4434880586153,2657.5189192865005,2.602320306385396,Good
100.65480375065351,250.6410236424408,1728.9309682617559,1.8159694417774406,Faulty
84.82711549899628,293.43715164538474,2388.4466423396975,2.600100937868863,Good
104.0934744018558,303.8425941479384,2838.0631884737286,3.269294752580734,Faulty
112.9889812361925,288.75720090959607,2480.441126610358,2.955106969877463,Faulty
86.37161439560342,267.499870958827,1937.92406127857,3.182501030599213,Good
85.54497478599228,308.43273359833637,2479.0382197690124,2.329884799545767,Good
104.533844771177,322.09703247847045,3181.6422065021966,4.17171791471616,Faulty
105.79572145730712,245.4800461278577,2998.756686213888,1.8238266634452194,Faulty
84.77139972846732,370.54661898731354,2475.1983962535874,3.4875602970867186,Good
85.79813182904142,295.07059338578694,2880.5797108232346,4.181891092959962,Good
87.18215391139493,300.9424811472424,2353.397191852779,3.4809080927488956,Good
76.55549488965723,335.4107211628278,1818.4513652693124,2.79747577293517,Good
80.81348053515802,311.6608065631751,2130.213604748178,2.471702953337021,Good
79.95859233247933,347.6568316956623,3125.155507403279,4.036087651046256,Faulty
82.32202434895872,314.3562082600912,2390.4027672682782,1.577025074738327,Good
89.65315112613219,269.3781312679781,2402.646408249993,2.0298757396203566,Good
92.3421473253652,318.07517626030506,2380.0647214900478,2.6024422345082785,Good
105.50500492814076,242.8136896339669,3261.6546358292026,4.237653757511998,Faulty
80.0164595926121,305.42798528882616,3150.383566144825,3.379767636040896,Faulty
99.84322398476584,298.33850046777695,3387.5120933792537,2.0319542414897547,Faulty
87.86011155774491,289.59415713637304,2436.3819158399797,2.6896922946150963,Good
89.50536290347567,293.57312442805346,2618.249795498838,2.3856768559037054,Good
96.74819492166604,205.90754772511804,1893.3429802316837,2.290211007766465,Faulty
78.77277978437701,272.5637546129519,3090.7737704473097,3.978889558556779,Faulty
93.82409746184051,304.64224505705573,2032.888179492826,1.6282568707364944,Good
91.66452208213056,307.99281959987,2586.7102255050518,4.6087808557343735,Faulty
94.92451264008149,248.61624295370208,2061.0789889468624,3.8282296901846227,Faulty
92.89168643907819,363.28539204323505,2264.4532693045217,4.090861670603698,Good
114.55300139910895,256.691257589275,2165.0950275801197,2.537060487974742,Faulty
83.62260015748684,348.47286002633683,2256.849895729673,2.8500592809208904,Good
84.69003044998182,321.35971809358426,2284.3509187404084,1.566848185475288,Good
83.76859473575236,267.68863450780987,2280.692482029969,2.475337592933197,Good
84.44522880839746,388.7655446304756,2833.333564712123,3.493654847643151,Good
83.62612872693482,240.318158412176,2058.0548827749917,4.296063061781396,Faulty
101.89016531107552,345.9577086805001,2588.216570805547,1.8928431831975483,Faulty
104.20504247989855,350.02911590214893,2987.183660922223,2.634494063014734,Faulty
84.29253706250523,266.46898954616773,2294.7214541946414,2.8487007797674777,Good
81.67644426895771,369.62326500321643,2212.832443700959,1.6042107978075149,Good
94.71415556386404,287.49767427005236,2407.7901499278996,3.5913492417584,Good
84.47776955719029,314.43468146399283,2971.890083344284,2.276009668257391,Good
96.32931817755511,313.01609193856103,2577.6430523813433,2.804609648822976,Good
92.029230208513,293.28456292647263,2287.5142821569607,2.5480506280881223,Good
74.84255885002769,340.5404136579891,2693.550660475216,2.2106614942803255,Good
105.47505201330061,339.6744360276106,2059.0831400654306,2.9929550145194455,Faulty
107.95877673095522,212.57340133809095,2772.543804177179,2.7843904214319775,Faulty
83.87211309515614,365.2170121439076,2663.4429230807073,2.6281421177213344,Good
86.12298440064016,216.8754005982163,2376.8766115444464,2.271538378319657,Faulty
92.85865390724905,351.6273102170829,2164.5656806211077,3.3195246707829553,Good
93.34456789987026,356.3352568413792,2145.327631086617,4.653617268492285,Faulty
96.5854427267283,245.4516784892401,2713.926934538364,3.1398872328391274,Faulty
110.1020453876635,279.45928560227077,2991.592200995625,3.996118214911129,Faulty
88.2305277250595,244.7147665757032,2245.076901188482,1.6097780748465373,Faulty
82.01702755461547,289.2539484855632,2683.354681420594,3.1577614392937696,Good
76.20680771985472,284.59828579071296,1665.1891925591726,1.9026316810289334,Good
82.69069960058081,338.983026613467,2266.15290773712,1.5230750724680986,Good
89.66873027126204,365.5154373059804,2487.576426851639,2.2606285925409635,Good
107.94557863517788,369.7841905394978,2136.1266332072664,4.191899334413573,Faulty
84.82388700963828,271.8915986710849,2125.3974500841614,3.9500158286696454,Good
92.23787951638899,289.53890631277363,2232.8881774124457,3.2430047220544,Good
89.83577103927247,215.8280903889525,2616.8770913305493,1.4672994401100692,Faulty
101.88393273448084,259.7064966751906,2425.06839263745,2.8037193486120633,Faulty
115.26932425873622,348.2425816548729,1604.7075066700113,3.3017000089017357,Faulty
84.6913122707968,380.7791411774116,1651.7199389459736,3.175536229578598,Good
85.10560557481777,238.2825564060039,2257.2539288571297,1.1562064165192543,Faulty
100.44160877069072,270.3767870423553,2683.074634421421,2.1096821519801283,Faulty
96.81891489626311,298.67971215205364,1400.9980629099061,2.9359222358512835,Good
108.46707325736034,314.00805794098034,2300.107929539348,3.5362909095171897,Faulty
95.83928185325964,259.5198240039177,2289.5008573930318,0.8038721789000536,Good
86.40707909212941,321.2030522232045,3055.335111283379,2.8378760245201415,Faulty
95.9065483069231,276.3080326464542,2345.9912753148546,3.1430487698789524,Good
101.08703580582907,299.27738645608605,2653.1955938963715,3.8496119885162132,Faulty
98.20482181197364,327.314212400185,2556.502856034985,3.6928575842374367,Good
95.07274031107298,300.3211134905469,1647.7734080771197,3.5825713188088053,Good
100.66674689589154,278.1807054736716,2807.2828866526947,2.200059493298066,Faulty
101.69295590445672,294.51950980370844,2586.158602182515,1.0919978628766924,Faulty
103.82158991037527,295.58185203973323,2703.307455869836,2.606947242938599,Faulty
96.48709887589642,281.4994485058936,4070.495082574531,4.00163182520856,Faulty
88.32881919683146,287.0601968666449,1666.3548242005645,4.393454527524431,Good
91.46713686433323,379.9323585252358,3189.8786599044433,3.7105491022977852,Faulty
102.06508966508358,328.0459723970619,2385.0209922398576,3.429340822801734,Faulty
81.83064329012764,285.22598409854197,2614.9315617612037,3.3796396483859654,Good
93.68673308872901,334.84772022553676,2481.795101879503,2.4438812532392196,Good
86.0666118767264,283.3090255121995,2330.3054666407825,2.86993970644638,Good
90.28744822934817,358.65623187933204,2272.0668287044964,4.669069525826331,Faulty
102.78451862607298,318.4821096099047,2631.803494229204,2.0574419942081237,Faulty
91.91099068019903,294.63489279978853,1893.1305213313285,4.614778790709852,Faulty
90.46436548156149,322.3858462905139,2800.231667008706,2.6779718455079418,Good
76.40143859020081,221.45619239657503,2333.5222380458986,4.325432109095079,Faulty
97.46253566027221,243.66162655450972,2047.9722643838568,1.5931849905024618,Faulty
96.45484181141076,240.30374968004725,2319.9948568016744,3.585904201164649,Faulty
111.6325472330546,307.14715473818535,3002.859686745029,2.263229864052378,Faulty
86.92221765046999,386.6257499742546,2285.865965193511,1.5847328080758125,Good
92.1915032766394,411.5650073096316,2643.381447283848,3.218534042410946,Good
92.49383683710755,331.90255507203784,2207.6174897138108,4.0094717885959685,Good
105.77453279763475,325.04222374722286,2803.168739969448,2.155058561406504,Faulty
89.04704467613048,209.94711329236304,2774.2030955160817,1.5009840395415988,Faulty
92.7902152577034,272.8663100132989,3239.4435333185647,2.908155235665045,Faulty
96.0789650971654,260.61081240458805,2429.7744218003136,2.912564671222819,Good
91.86609123156359,268.9576200874442,2767.461921903163,3.548319627554499,Good
85.53566385449471,291.5928090707605,2539.227015815578,3.9495945713644884,Good
91.94089992898307,276.3954711151436,3018.348712745206,2.940584818727506,Faulty
100.73631749859771,201.0350094812106,2212.467044956508,4.855503314794263,Faulty
79.73484700588939,337.3955128058767,2798.0021251509124,3.2242347445352917,Good
91.32969674146877,246.36284871300967,2422.1210815533273,2.6535734939931004,Faulty
82.99879185060827,311.9623432055575,2474.324729156601,1.388432640897172,Good
101.95046628924842,403.70413348749867,2536.700993779349,2.7373404796838323,Faulty
74.76813095216225,254.03077042067883,2600.896158570671,2.663613054588864,Good
84.41078152728412,173.4856238626835,2453.5083827512167,3.9603047962814704,Faulty
93.7721187506452,285.69978890599447,2585.8852732682108,3.462483624066854,Good
105.65524029234341,355.04798174992857,3131.247223024874,1.8206308783673828,Faulty
89.34249738927012,397.9173727110297,2894.1798742460874,3.1722543864110375,Good
84.44800473306802,238.52252027737916,2847.6618369987586,3.6715311717290535,Faulty
108.8115706944059,324.8349611618261,2317.7841895904517,4.528031359387833,Faulty
75.51986099583756,276.73447716099736,2144.30366870867,3.8875039674140592,Good
68.01194043379918,294.7025822847932,2882.120223295101,3.760846654311478,Good
94.40014450053333,432.21716735085175,2850.4187170119176,3.0600859946151635,Good
84.97945775647389,224.85148358024236,3089.0682703003927,3.3883120054234497,Faulty
79.78767182869287,312.6869830747287,2258.407749612308,4.2495049007061585,Good
97.08356447299353,323.38465858827163,2408.180537855861,1.6672226025203503,Good
92.43800713771199,354.28931624696736,1844.2063349898262,2.650560672783044,Good
84.35921369263272,304.8991576735448,2343.011557575651,2.2274312512437593,Good
77.19695601329106,315.4025269752051,2898.628204231779,3.379153118726124,Good
98.72457328280144,280.4175716289104,2313.4018483087207,4.230222175650788,Good
96.50201177958661,313.45634706225536,2756.1919180803297,2.403025713278926,Good
89.00824136220618,282.84038622512946,2423.7987576008754,0.609695632530562,Good
108.46636996047665,331.07859449280255,2629.6228112886242,2.58777925497553,Faulty
79.29915233673847,281.5194831978183,2040.9234440737332,3.9134737320174064,Good
74.74474829075261,318.8550196951093,2534.0837798535604,3.5376299029498797,Good
83.08091930118755,298.5368593157511,1303.5456116397106,3.4281862478105762,Good
89.54413983644503,356.3025125386084,2425.241536735206,2.72000669812552,Good
92.43339449322691,297.4303138205757,1847.8107025139439,1.7209692637802136,Good
87.5876394214367,211.3483765896559,2982.3978066187265,3.5152943216244674,Faulty
93.52055396514297,363.0960750356996,2810.9629411058045,2.165718189965375,Good
77.48460575809555,254.71338495686905,2686.6683927864324,5.184096733380456,Faulty
104.4376460407326,267.311683067559,3108.402490863752,3.570507208354516,Faulty
89.17848821607431,270.2169352978254,2120.4333916700652,2.419351697446049,Good
101.17295831588127,368.7219046585409,3198.9452791662234,2.388614752611372,Faulty
93.42725346377703,193.21628930106522,2872.876625704154,2.907055793386412,Faulty
94.56753219153784,456.8874266829997,2405.3778851124216,2.76049807797825,Good
95.69767280232205,352.80284045330257,2954.248058873178,4.116833775529955,Good
94.47708560017315,311.16194570645797,2057.482595035346,3.1864161697440463,Good
96.42722759867544,297.25529996918567,2170.1943353889305,2.2683682610914717,Good
103.29152530132431,314.27770374288286,2256.5641107041197,4.890440685155783,Faulty
91.9652116970147,326.05612141896694,2288.408916774394,3.0493083315202227,Good
97.09003757588512,332.26077929750284,2077.376942895899,3.7688396759688967,Good
89.10264305712774,327.78022330017245,2989.23322683813,2.3917734925552407,Good
104.40117215449473,304.4790340627624,2396.4582398520674,3.3631156277445236,Faulty
83.2360769794073,290.1330789846337,2641.001987342752,3.311109991143195,Good
108.00940432910815,292.4363358173244,2271.859453434528,1.110350707903847,Faulty
89.59842049355656,290.25458598236594,1771.7586797805932,5.015275110460641,Faulty
75.69224897881952,356.68850484335326,2608.0229433565687,4.290644460922547,Good
91.2810441491079,329.6778361140431,1735.0980098320892,2.6028046838540124,Good
83.1894834252512,152.98056826678598,2472.5463815658127,1.8977302595441445,Faulty
98.40643548988724,332.79503882648805,1952.673984466876,3.347561613803552,Good
83.4737602069761,309.7368097359387,3294.910399692323,3.0866976994143966,Faulty
85.5381656678522,299.0645621777051,2864.545088869889,3.3556689485632294,Good
71.10459269054469,280.5740773455557,2542.301516508592,3.1915773961940896,Good
85.47693680750923,356.2056359993007,3005.482671061867,3.506240989305926,Faulty
65.76120673371044,347.3763231061429,2161.4736090137058,4.447305699391807,Good
74.16097176514276,261.35611660881955,2717.391751468037,3.5681032051286463,Good
97.60414656144297,320.35261435622675,2579.9241734874854,1.9503445010900589,Good
97.85800158650832,251.4171632729357,2605.608032533468,4.362562852712452,Good
94.25457561784965,231.01909176055347,3008.9414000427073,4.640614563488287,Faulty
80.33023856870787,268.6641387705017,2792.9968411119207,6.152056734512085,Faulty
89.5228864385802,343.1196736191379,2615.489465130009,1.876505966760402,Good
89.96397460909432,347.65625226880434,1838.0450255086816,3.242882013150275,Good
78.41635310807457,325.65427100486465,2115.9814818882146,0.9179012968110127,Good
105.0339830176715,336.2547893423999,2450.9164265617105,3.553149156379209,Faulty
98.77362290575671,325.8089143557479,2537.3489497106607,2.4517997018332274,Good
87.79035826170336,267.92592023885237,2047.9185101304306,4.9234457948249535,Faulty
90.26885838994531,321.596127233697,3464.6706702313686,2.225385029981418,Faulty
92.08382807947552,340.0204762613841,3106.557622101429,1.3108169620327383,Faulty
69.58265131575709,337.7145664906787,2740.847328156993,2.5287362592974802,Good
87.52822617479403,359.4456685737322,2528.8147445134978,1.0245122287828625,Good
83.18015752002202,335.4151923600532,2415.1164120395392,3.75109945450731,Good
79.98379990105084,317.57241037707917,2119.232615991106,0.9349169537436794,Good
87.18899707114045,353.5075119158214,2530.992207407545,3.028457581183159,Good
107.97686526849523,298.673937037547,2603.1010160571004,0.9221881801438032,Faulty
96.4084286126701,255.90626743861412,2003.2957698073503,2.679702195463358,Good
84.28821010217203,291.84665180281183,2633.670566897959,4.643378155804534,Faulty
95.72582781356158,262.75486775967755,2437.8963804701007,3.360647891435795,Good
