CustomerID,Gender,Age,Tenure,Balance,NumOfProducts,HasCrCard,IsActiveMember,EstimatedSalary,Exited
CUST1000,Male,58,3,73819.57,1,0,0,42115.0,0
CUST1001,Female,47,4,198351.81,1,0,0,136770.95,0
CUST1002,Male,34,5,46307.11,4,1,0,120984.43,1
CUST1003,Male,66,4,229438.12,2,1,1,29942.39,0
CUST1004,Male,37,6,106131.86,3,0,0,148274.78,1
CUST1005,Female,65,1,21759.74,3,1,0,55277.58,1
CUST1006,Male,42,6,203937.16,1,0,0,32815.78,0
CUST1007,Male,39,9,93377.42,3,1,0,127810.85,0
CUST1008,Male,30,6,131624.8,2,0,1,111867.82,0
CUST1009,Female,36,0,28076.09,3,1,1,100238.44,1
CUST1010,Male,66,6,646.0,1,0,0,40277.51,0
CUST1011,Male,53,4,159496.3,1,0,1,82204.5,0
CUST1012,Male,29,2,128793.79,2,0,0,121472.28,1
CUST1013,Male,58,2,148384.64,2,0,0,59471.11,1
CUST1014,Female,36,3,198435.96,3,0,1,60519.68,0
CUST1015,Male,29,1,161651.48,3,0,1,20408.32,0
CUST1016,Female,26,1,43693.36,1,1,0,42651.64,1
CUST1017,Female,24,0,90193.13,2,1,0,133802.73,0
CUST1018,Female,45,4,226472.78,2,1,1,77427.04,0
CUST1019,Male,31,3,192486.18,2,0,0,147950.48,0
CUST1020,Female,48,9,139159.26,3,0,1,71442.04,0
CUST1021,Male,69,1,63911.25,2,1,0,112974.24,1
CUST1022,Female,36,2,75515.13,1,0,0,56649.48,0
CUST1023,Female,64,6,182989.52,1,0,1,67295.25,0
CUST1024,Female,33,6,212793.57,3,0,1,44794.38,0
CUST1025,Female,22,3,167856.17,4,0,1,65118.11,0
CUST1026,Female,52,4,202382.49,3,0,1,91140.88,0
CUST1027,Female,29,4,191664.03,4,1,1,148930.47,1
CUST1028,Female,42,5,37425.99,2,1,1,106346.22,0
CUST1029,Female,69,8,105986.2,3,1,1,45901.97,0
CUST1030,Male,38,1,38245.95,1,1,0,25844.99,0
CUST1031,Male,53,4,58808.9,2,1,0,36426.34,1
CUST1032,Female,40,2,217314.91,1,0,0,93132.18,0
CUST1033,Female,33,3,118222.99,2,0,1,119470.84,0
CUST1034,Female,56,9,133839.53,3,0,1,142254.5,1
CUST1035,Male,62,5,44611.49,4,0,1,22057.01,0
CUST1036,Female,59,7,78067.95,2,1,0,87958.82,0
CUST1037,Male,56,0,57561.54,4,1,1,81212.76,1
CUST1038,Male,31,9,51546.54,2,1,1,105287.15,0
CUST1039,Male,48,7,159490.2,1,0,0,92745.25,0
CUST1040,Male,22,6,64220.96,1,1,1,109315.09,0
CUST1041,Male,52,0,158003.87,2,0,0,105550.74,1
CUST1042,Female,40,1,14613.65,4,1,0,35211.52,0
CUST1043,Female,46,2,35443.6,3,1,1,123963.33,0
CUST1044,Female,60,0,68635.06,3,0,1,36020.23,0
CUST1045,Female,28,8,149261.73,1,0,1,110808.98,0
CUST1046,Female,35,7,168960.31,3,1,0,74098.9,1
CUST1047,Male,64,1,110679.24,1,1,0,86800.6,1
CUST1048,Female,29,8,111447.73,3,0,0,137428.74,0
CUST1049,Female,26,6,181129.21,2,1,1,135684.88,0
CUST1050,Male,27,8,3955.27,1,1,1,126321.32,0
CUST1051,Female,61,5,85272.51,1,0,1,86319.29,0
CUST1052,Male,34,5,204676.76,2,1,1,115711.18,1
CUST1053,Female,55,3,150804.85,1,0,0,86676.62,0
CUST1054,Male,24,9,84306.78,3,1,0,133048.79,0
CUST1055,Female,63,9,226381.2,3,0,0,72360.86,0
CUST1056,Female,30,1,193155.68,1,1,0,146130.59,1
CUST1057,Male,57,6,66223.86,3,0,1,141201.96,0
CUST1058,Male,59,4,161322.46,4,1,1,116408.34,0
CUST1059,Male,26,5,148937.68,1,0,1,56324.06,0
CUST1060,Male,67,1,100296.98,2,1,0,37114.97,1
CUST1061,Male,44,4,91739.02,4,1,0,131111.45,0
CUST1062,Male,19,9,85890.12,1,1,1,41489.3,0
CUST1063,Male,22,3,154288.95,2,1,1,131053.9,1
CUST1064,Male,46,8,110602.48,3,1,0,83799.45,0
CUST1065,Female,54,5,207965.78,2,1,1,72852.38,0
CUST1066,Female,55,1,167400.65,4,1,0,137414.8,1
CUST1067,Male,36,0,17482.9,3,1,0,98500.63,0
CUST1068,Female,25,4,160042.06,1,1,0,94959.82,0
CUST1069,Female,65,8,67786.86,3,0,1,92639.57,0
CUST1070,Female,62,5,148203.0,1,0,1,68252.04,0
CUST1071,Female,18,9,170032.98,1,1,0,122133.6,0
CUST1072,Male,39,6,57707.3,2,0,1,52863.8,1
CUST1073,Female,69,4,114214.66,2,1,0,142056.34,1
CUST1074,Male,34,9,47581.22,2,1,0,136218.08,0
CUST1075,Female,24,5,13084.72,4,0,0,63872.44,0
CUST1076,Female,42,4,94619.11,4,1,0,114830.29,0
CUST1077,Female,62,8,90736.07,2,1,1,94519.02,0
CUST1078,Male,21,5,248870.12,4,0,0,63894.41,1
CUST1079,Female,53,7,111588.09,3,0,0,148507.81,0
CUST1080,Male,23,1,83392.39,3,1,1,23280.85,0
CUST1081,Female,48,8,145118.75,4,0,0,52843.98,0
CUST1082,Male,36,4,22191.85,4,0,0,87609.63,1
CUST1083,Female,61,6,240416.43,3,1,1,87853.89,1
CUST1084,Male,56,9,158740.01,1,0,1,96561.3,0
CUST1085,Male,44,0,188709.45,3,0,1,117717.9,1
CUST1086,Female,27,9,42619.48,3,1,0,101052.12,0
CUST1087,Male,43,4,102369.46,4,0,1,98036.59,1
CUST1088,Female,36,9,105672.28,3,0,1,26956.88,0
CUST1089,Female,56,1,205451.61,4,1,0,68948.94,1
CUST1090,Female,20,5,309.17,4,1,0,50167.25,0
CUST1091,Female,62,0,75213.28,2,1,0,54498.11,1
CUST1092,Female,30,2,245309.09,3,0,0,92063.87,0
CUST1093,Female,67,4,118721.64,1,1,0,45935.69,0
CUST1094,Female,45,3,95631.57,2,1,1,58213.38,1
CUST1095,Female,37,2,29957.25,4,0,1,50821.01,0
CUST1096,Female,45,9,243541.16,4,1,1,143305.38,0
CUST1097,Female,25,4,5006.59,1,1,0,142806.55,0
CUST1098,Female,58,7,184295.06,4,1,0,99292.4,0
CUST1099,Male,56,3,192149.95,3,1,0,140187.92,0
CUST1100,Male,18,0,60914.18,2,0,1,122155.64,0
CUST1101,Female,20,6,167889.61,4,1,1,96693.22,1
CUST1102,Female,30,7,23232.29,4,1,0,20836.58,0
CUST1103,Female,45,2,64261.82,1,0,1,120427.12,0
CUST1104,Female,66,5,196975.5,3,1,0,111323.48,0
CUST1105,Female,42,1,216171.55,4,0,1,99982.97,0
CUST1106,Female,50,6,152121.6,1,0,1,118855.16,0
CUST1107,Female,55,7,126709.61,4,0,1,86679.88,0
CUST1108,Female,23,5,39826.01,1,1,0,111530.83,0
CUST1109,Male,61,5,15777.26,1,0,1,141572.37,0
CUST1110,Female,62,4,29412.26,3,0,1,68854.65,0
CUST1111,Male,49,7,56839.33,4,0,0,112055.84,0
CUST1112,Female,62,0,85418.63,3,1,1,81839.42,0
CUST1113,Female,64,9,95227.38,1,1,0,107671.95,0
CUST1114,Male,38,3,86580.44,2,1,0,119176.13,0
CUST1115,Female,33,3,59763.83,4,1,0,25908.83,0
CUST1116,Male,38,2,127431.06,2,1,0,104058.06,0
CUST1117,Female,28,2,206321.53,4,1,0,49476.35,1
CUST1118,Female,54,3,69925.88,3,1,1,107104.23,0
CUST1119,Male,53,0,235596.75,3,0,0,80882.92,1
CUST1120,Female,52,1,218334.17,3,0,0,120561.86,1
CUST1121,Male,36,8,40441.05,3,0,0,36042.11,0
CUST1122,Female,37,9,196568.99,3,0,0,101421.91,0
CUST1123,Male,35,1,143646.85,2,1,1,56201.19,0
CUST1124,Male,64,4,141643.84,3,0,0,130887.66,1
CUST1125,Female,58,8,97760.69,1,0,1,140689.86,0
CUST1126,Female,66,8,125288.25,1,0,0,149531.78,0
CUST1127,Male,31,7,99294.69,2,0,1,123480.96,0
CUST1128,Female,32,0,134933.15,4,1,0,117985.43,0
CUST1129,Female,48,0,156987.51,1,1,0,48015.1,1
CUST1130,Female,18,8,168575.95,4,1,1,63680.92,0
CUST1131,Male,20,7,133120.3,2,0,0,80538.73,0
CUST1132,Male,33,9,180355.52,4,1,1,120539.54,0
CUST1133,Male,40,8,35319.51,4,0,0,138945.56,0
CUST1134,Male,28,6,52995.62,4,1,1,44588.08,0
CUST1135,Male,29,2,204683.75,4,1,0,139907.77,0
CUST1136,Male,27,2,80631.99,2,1,0,110431.2,0
CUST1137,Male,49,1,5723.46,1,1,1,99400.19,0
CUST1138,Male,33,4,38447.79,3,1,0,45979.37,1
CUST1139,Male,25,2,55903.61,4,0,0,27218.25,0
CUST1140,Female,55,5,239330.72,1,1,0,93900.44,1
CUST1141,Male,29,1,143260.36,1,0,0,104697.04,0
CUST1142,Female,41,2,233182.69,2,0,0,47401.59,0
CUST1143,Female,45,4,143790.84,1,0,0,92339.31,0
CUST1144,Female,25,0,119838.61,2,0,1,131344.14,1
CUST1145,Male,45,0,78431.92,4,0,1,128558.57,0
CUST1146,Male,53,9,151592.74,4,1,1,140556.17,0
CUST1147,Male,43,8,34799.51,3,1,0,67565.16,0
CUST1148,Male,25,6,224565.41,3,1,1,61346.44,0
CUST1149,Female,67,0,207333.1,3,1,0,117425.38,1
CUST1150,Male,45,7,79382.86,1,0,0,76044.61,0
CUST1151,Male,45,2,238199.38,4,1,0,31381.33,0
CUST1152,Male,54,7,206300.19,2,1,0,56764.15,0
CUST1153,Male,58,4,166576.72,3,0,1,74415.7,0
CUST1154,Male,53,0,30440.48,2,0,0,58027.14,1
CUST1155,Female,44,6,119558.51,2,1,1,63186.72,0
CUST1156,Male,34,4,126526.89,3,1,0,58190.87,0
CUST1157,Female,26,5,58137.84,4,0,1,25394.89,1
CUST1158,Male,50,5,19991.35,3,1,1,102822.31,0
CUST1159,Female,37,7,194180.91,2,1,1,97648.01,0
CUST1160,Male,30,8,30508.76,3,1,1,104939.85,0
CUST1161,Male,45,1,148572.69,2,1,1,45000.29,0
CUST1162,Female,65,8,234112.29,2,0,1,58435.09,0
CUST1163,Female,46,9,219026.3,3,0,0,100550.07,1
CUST1164,Female,30,8,69438.16,1,0,1,97951.58,1
CUST1165,Male,63,9,212862.16,3,1,0,85822.94,0
CUST1166,Female,52,9,83.13,1,1,1,65553.72,0
CUST1167,Male,23,6,4421.95,2,1,0,138681.03,0
CUST1168,Male,35,0,150638.29,2,1,1,64170.13,1
CUST1169,Female,68,6,91199.55,1,1,1,79230.49,0
CUST1170,Female,22,9,96615.21,2,0,0,108154.8,0
CUST1171,Male,64,4,141110.27,1,1,1,90592.79,0
CUST1172,Male,42,5,47945.61,1,1,1,65095.18,0
CUST1173,Female,19,9,52938.84,2,0,1,76633.82,0
CUST1174,Female,27,6,121150.4,4,1,0,123282.51,0
CUST1175,Female,47,4,188563.39,1,0,1,56156.79,0
CUST1176,Male,67,6,154874.44,3,0,0,38493.18,0
CUST1177,Male,62,8,74338.76,3,0,1,60711.22,1
CUST1178,Male,22,2,107584.29,2,0,1,130439.45,0
CUST1179,Male,50,7,42666.19,4,0,0,31568.66,0
CUST1180,Male,18,1,18657.45,2,1,1,148920.49,0
CUST1181,Male,35,6,195674.01,4,0,1,90330.38,0
CUST1182,Female,49,1,66346.85,1,0,0,148029.95,0
CUST1183,Male,64,3,44441.6,1,1,1,142069.53,0
CUST1184,Male,66,6,172904.51,1,1,0,78865.78,0
CUST1185,Male,28,2,154512.92,1,0,0,45803.84,1
CUST1186,Female,38,1,158297.41,3,1,0,41435.02,0
CUST1187,Male,43,9,57223.65,3,1,1,51198.62,0
CUST1188,Male,42,6,58161.38,2,0,0,112317.24,0
CUST1189,Female,39,0,55200.66,4,0,0,55483.5,0
CUST1190,Male,44,7,43438.15,1,1,1,64385.29,0
CUST1191,Male,66,2,163930.92,1,0,0,78341.24,1
CUST1192,Male,30,1,212003.97,4,0,1,138720.25,0
CUST1193,Male,50,2,181079.37,4,1,1,44621.14,1
CUST1194,Male,51,4,198023.41,2,0,1,20653.45,1
CUST1195,Female,58,7,101199.61,4,0,1,27812.53,0
CUST1196,Female,52,9,163518.95,1,0,0,137619.62,0
CUST1197,Female,18,6,88559.06,1,0,0,104177.14,0
CUST1198,Male,38,6,131376.16,1,0,0,55495.28,1
CUST1199,Male,65,6,120408.71,1,1,0,43035.03,0
CUST1200,Male,23,7,44221.79,1,1,0,58254.68,0
CUST1201,Female,45,0,96769.69,2,0,1,34923.6,0
CUST1202,Male,34,3,240955.57,1,1,0,142399.28,1
CUST1203,Male,22,5,62145.06,2,0,0,121946.8,0
CUST1204,Female,48,8,33450.93,1,0,0,80110.85,1
CUST1205,Male,22,1,104645.16,3,0,1,132445.14,1
CUST1206,Female,55,0,197584.43,3,0,1,52429.57,0
CUST1207,Female,20,9,145537.06,3,0,0,113225.67,0
CUST1208,Female,40,1,170243.71,3,1,1,131297.22,1
CUST1209,Male,54,6,47423.71,2,1,0,66379.93,0
CUST1210,Male,54,2,154737.05,2,0,0,118470.38,1
CUST1211,Male,27,9,80875.1,4,1,1,58359.41,1
CUST1212,Male,27,1,208575.84,1,0,1,58851.43,1
CUST1213,Male,36,6,157324.7,3,1,0,33917.43,0
CUST1214,Male,34,1,49714.07,2,0,0,77207.55,0
CUST1215,Male,38,2,16154.17,1,1,1,114862.55,0
CUST1216,Female,31,6,10658.3,1,0,0,142228.7,0
CUST1217,Male,26,3,92852.14,2,0,1,98493.61,0
CUST1218,Female,63,0,66462.78,3,1,0,132207.62,1
CUST1219,Male,18,4,161522.53,4,1,1,126924.3,0
CUST1220,Male,68,8,124833.46,1,0,0,42534.6,0
CUST1221,Male,62,7,66504.82,4,1,0,83156.27,0
CUST1222,Female,30,8,37309.44,3,0,1,35200.06,0
CUST1223,Female,21,9,31799.94,3,1,0,108679.91,0
CUST1224,Female,18,8,216165.1,4,1,0,143486.96,0
CUST1225,Female,66,6,60869.49,3,0,1,37821.63,0
CUST1226,Male,57,3,162927.66,1,1,0,115404.81,0
CUST1227,Female,49,4,202671.48,4,1,0,102190.96,1
CUST1228,Male,51,0,153520.33,3,0,0,95868.65,1
CUST1229,Male,45,0,214891.31,4,1,1,70715.63,0
CUST1230,Female,48,2,98098.43,1,0,1,66167.11,0
CUST1231,Female,25,7,239055.55,3,0,1,25882.39,0
CUST1232,Female,56,1,33286.25,1,0,0,48328.13,1
CUST1233,Female,43,3,25537.38,3,0,0,21972.99,0
CUST1234,Female,51,1,164673.04,2,0,0,95584.22,1
CUST1235,Female,20,4,235707.79,3,1,0,33760.92,0
CUST1236,Female,67,8,202220.87,4,0,1,133492.52,0
CUST1237,Female,29,0,19104.21,3,0,0,88008.59,0
CUST1238,Male,18,4,69841.93,1,1,0,110959.69,1
CUST1239,Female,61,8,232579.72,1,1,0,73411.42,0
CUST1240,Female,22,0,63264.61,3,1,1,92875.38,0
CUST1241,Male,47,8,195292.61,4,0,0,142545.69,0
CUST1242,Female,47,7,206283.05,2,0,0,30755.43,0
CUST1243,Male,34,3,123863.03,4,0,0,53011.91,0
CUST1244,Male,65,9,96587.23,2,1,0,121398.48,1
CUST1245,Female,64,4,112531.11,1,0,0,32835.84,0
CUST1246,Male,40,4,56741.17,4,1,1,29835.94,0
CUST1247,Male,32,5,222347.73,2,0,0,67000.38,1
CUST1248,Male,54,6,112654.91,3,1,0,31981.83,0
CUST1249,Male,38,7,220614.86,1,0,0,96060.2,0
CUST1250,Female,31,7,26423.37,3,0,0,49415.78,0
CUST1251,Male,19,1,247068.82,1,0,0,136440.74,0
CUST1252,Female,28,8,110818.27,4,1,0,121855.01,0
CUST1253,Male,68,6,11957.71,4,1,0,110961.68,1
CUST1254,Male,56,3,9505.46,1,0,0,100202.72,1
CUST1255,Male,55,3,186551.81,1,0,0,132250.54,0
CUST1256,Male,51,7,164758.88,1,0,0,48998.07,0
CUST1257,Female,55,3,200532.64,4,1,1,133504.15,1
CUST1258,Female,67,5,26341.88,2,0,1,122634.0,0
CUST1259,Male,51,4,8892.72,3,0,1,117260.91,0
CUST1260,Male,35,2,127144.82,3,0,1,92963.24,0
CUST1261,Female,47,9,96898.81,4,0,0,52011.74,0
CUST1262,Male,32,1,115486.73,3,1,1,75061.23,0
CUST1263,Male,44,8,247897.1,1,1,1,123164.19,0
CUST1264,Male,68,9,242687.49,2,0,0,24131.2,0
CUST1265,Female,51,8,235578.85,3,0,1,121666.6,0
CUST1266,Female,69,0,195960.67,2,1,1,51209.2,0
CUST1267,Female,55,9,88710.34,1,1,0,38760.2,0
CUST1268,Male,50,2,103032.73,3,0,0,35041.17,0
CUST1269,Male,41,7,137404.01,4,1,0,23542.5,1
CUST1270,Female,32,5,207633.61,2,1,1,88066.24,1
CUST1271,Female,47,4,17178.21,1,0,1,48373.78,0
CUST1272,Female,59,4,106074.22,2,1,0,148626.13,0
CUST1273,Female,68,5,20654.42,3,1,0,94676.78,0
CUST1274,Male,34,6,128664.4,3,0,1,37925.09,0
CUST1275,Female,22,0,224725.21,4,0,0,109539.13,0
CUST1276,Male,46,8,195621.23,1,1,1,136706.66,0
CUST1277,Female,21,2,56960.6,1,0,0,116873.33,0
CUST1278,Male,27,3,243997.71,4,1,0,29937.18,0
CUST1279,Female,34,9,166837.6,4,0,1,136464.94,1
CUST1280,Female,27,0,2606.92,1,1,0,123210.82,1
CUST1281,Female,34,9,63853.37,2,0,0,40579.51,0
CUST1282,Female,37,2,65178.32,2,1,0,26732.17,0
CUST1283,Male,41,1,17313.58,4,1,1,92450.37,0
CUST1284,Female,22,1,239956.63,2,1,0,40284.66,0
CUST1285,Male,51,0,119563.82,1,0,0,128496.82,1
CUST1286,Male,23,7,223953.65,3,0,0,66583.51,0
CUST1287,Male,19,2,80553.88,3,1,0,138676.02,0
CUST1288,Male,30,2,31308.39,2,1,0,93539.46,0
CUST1289,Female,60,5,118584.03,4,0,0,43747.41,0
CUST1290,Male,60,7,28489.16,4,0,1,38147.85,1
CUST1291,Male,65,8,121503.88,4,0,1,94941.42,0
CUST1292,Male,28,8,230074.3,4,0,0,119044.87,0
CUST1293,Female,68,3,130192.04,4,0,1,121595.73,1
CUST1294,Female,64,4,154124.93,2,0,1,55848.46,0
CUST1295,Female,40,1,39159.61,3,1,0,46552.08,0
CUST1296,Female,33,8,10933.91,3,0,1,22178.32,0
CUST1297,Male,48,7,27701.99,2,1,1,108295.89,0
CUST1298,Male,28,2,149632.89,4,0,1,29953.87,0
CUST1299,Female,33,8,23752.92,2,0,1,74698.96,0
CUST1300,Male,25,2,93998.22,3,1,1,98218.68,1
CUST1301,Male,21,8,137522.99,1,1,1,141824.16,1
CUST1302,Male,57,1,97163.2,2,0,1,60534.28,1
CUST1303,Female,21,9,40920.95,4,1,1,52470.38,1
CUST1304,Female,42,8,68447.83,3,1,0,105040.82,0
CUST1305,Male,20,7,232079.38,3,1,0,100501.07,0
CUST1306,Female,49,8,168995.57,3,1,1,63174.27,0
CUST1307,Female,20,4,124011.96,3,0,1,140653.24,0
CUST1308,Female,44,1,3178.72,4,1,0,129832.1,0
CUST1309,Female,46,7,248103.85,1,0,1,49117.73,1
CUST1310,Female,49,5,167863.73,3,0,1,51088.53,1
CUST1311,Male,67,7,79230.62,2,0,0,86599.05,0
CUST1312,Female,68,4,219817.16,1,0,0,120564.37,1
CUST1313,Male,36,9,64607.91,3,1,0,25725.25,1
CUST1314,Male,38,1,136004.14,1,1,1,110133.57,1
CUST1315,Female,22,5,159017.69,2,0,1,104270.67,0
CUST1316,Male,35,4,55265.84,3,0,0,50092.41,0
CUST1317,Male,45,4,244599.32,2,0,0,108575.89,1
CUST1318,Male,59,0,187047.98,4,0,1,142223.81,0
CUST1319,Female,39,1,139453.31,3,1,0,26082.16,0
CUST1320,Female,38,7,45148.65,3,0,1,61554.77,0
CUST1321,Male,23,2,13464.55,3,1,1,76962.97,1
CUST1322,Female,18,9,80014.96,3,0,0,136903.85,0
CUST1323,Female,22,2,188296.83,4,0,0,145093.99,1
CUST1324,Female,58,7,67332.82,3,0,1,77734.98,1
CUST1325,Female,29,7,134889.06,1,0,0,117503.69,1
CUST1326,Male,43,1,181986.79,3,1,0,89115.93,0
CUST1327,Male,63,7,26985.93,4,1,0,89911.78,0
CUST1328,Female,51,0,171324.5,3,1,0,56152.94,1
CUST1329,Female,66,5,22967.72,1,0,1,48204.31,0
CUST1330,Male,31,7,241282.44,4,0,1,57440.69,1
CUST1331,Male,43,2,122098.53,4,1,1,92322.64,1
CUST1332,Female,62,7,37669.03,1,1,1,23790.17,0
CUST1333,Male,44,0,85595.91,1,0,0,137942.36,0
CUST1334,Female,26,8,103354.11,1,0,0,40316.88,0
CUST1335,Female,43,8,189546.25,1,1,1,48611.53,0
CUST1336,Male,64,4,185855.95,1,0,1,87375.9,0
CUST1337,Male,39,9,152985.13,4,0,0,112314.92,1
CUST1338,Female,64,3,26482.68,4,1,1,32444.78,1
CUST1339,Female,47,5,37892.34,3,0,1,61300.31,0
CUST1340,Male,60,6,23439.23,3,1,0,145927.7,0
CUST1341,Female,65,4,144293.2,2,0,1,54104.59,0
CUST1342,Male,34,9,219284.61,3,1,0,60696.52,0
CUST1343,Female,43,8,108450.13,3,0,0,128744.8,0
CUST1344,Male,53,2,40212.04,1,1,1,26527.88,0
CUST1345,Male,18,6,139510.58,1,1,0,80399.71,0
CUST1346,Male,25,9,202938.05,3,1,1,69350.18,0
CUST1347,Female,66,9,185428.02,2,1,0,61156.28,0
CUST1348,Female,52,4,220362.69,1,0,1,57140.95,0
CUST1349,Male,69,6,69475.52,3,0,1,31878.63,0
CUST1350,Female,32,1,48488.47,3,1,1,60927.36,1
CUST1351,Male,64,3,219954.12,4,0,0,25596.81,0
CUST1352,Male,39,1,164390.08,2,0,0,121525.3,0
CUST1353,Female,31,6,77732.23,4,0,1,71769.61,0
CUST1354,Female,43,1,185587.01,2,0,0,77707.5,0
CUST1355,Male,45,0,203779.6,1,0,1,136167.3,0
CUST1356,Female,40,8,153744.56,2,1,1,105547.15,1
CUST1357,Female,31,0,171971.03,3,1,0,21047.68,0
CUST1358,Male,41,7,93814.98,3,1,1,142612.73,0
CUST1359,Male,19,1,134673.92,2,1,0,50828.78,1
CUST1360,Female,62,7,131039.79,2,0,1,33989.84,1
CUST1361,Male,43,2,212011.95,2,0,0,119856.66,0
CUST1362,Male,31,5,209991.0,4,1,1,85062.05,1
CUST1363,Female,68,2,208170.12,2,0,1,76390.17,0
CUST1364,Male,24,6,2757.9,1,0,0,52435.4,0
CUST1365,Male,20,9,187386.37,4,1,1,91171.29,0
CUST1366,Female,64,8,189669.1,4,0,1,55670.0,0
CUST1367,Female,40,1,169594.71,2,1,0,137205.79,0
CUST1368,Male,63,4,189066.16,1,1,1,47976.58,1
CUST1369,Male,60,5,210492.59,4,0,0,134966.17,1
CUST1370,Female,64,3,117579.76,3,0,1,92722.71,0
CUST1371,Female,62,3,125512.55,4,1,0,127703.46,0
CUST1372,Female,35,3,31178.51,2,1,1,112669.98,0
CUST1373,Female,55,1,96343.97,1,0,1,110570.36,0
CUST1374,Male,52,3,160841.29,2,1,1,62164.96,0
CUST1375,Female,68,0,195099.94,3,1,0,50406.6,1
CUST1376,Female,32,5,54302.27,3,1,0,47415.21,0
CUST1377,Male,42,0,34455.72,3,0,0,131434.92,0
CUST1378,Female,54,9,165760.5,2,1,0,126655.49,0
CUST1379,Male,45,5,469.97,4,0,1,77274.56,0
CUST1380,Female,27,0,44593.15,2,1,1,37212.6,0
CUST1381,Female,56,5,7267.85,1,0,0,69692.79,0
CUST1382,Female,34,9,41721.28,4,1,0,100514.65,0
CUST1383,Male,56,7,45329.82,3,0,0,79072.41,0
CUST1384,Male,39,1,96918.4,2,0,1,121424.6,1
CUST1385,Female,43,1,100581.78,3,0,0,149690.97,0
CUST1386,Male,61,3,218565.62,3,1,0,44847.17,0
CUST1387,Male,42,2,127527.43,1,1,1,79754.61,0
CUST1388,Male,34,3,180851.19,4,1,1,76027.91,0
CUST1389,Male,30,6,26034.34,1,0,0,59584.03,0
CUST1390,Male,37,0,56359.69,1,1,1,45752.42,1
CUST1391,Male,42,5,175735.86,1,0,0,28539.98,0
CUST1392,Female,21,2,13200.99,3,1,1,135325.51,0
CUST1393,Female,27,9,121649.42,1,0,0,74580.33,1
CUST1394,Male,20,6,149842.24,1,0,0,84596.42,0
CUST1395,Female,58,9,150536.41,4,0,0,139202.47,0
CUST1396,Female,62,1,5733.2,4,1,0,120917.76,1
CUST1397,Female,35,1,80527.0,1,1,1,36965.16,1
CUST1398,Female,64,3,159122.66,4,1,1,93504.6,0
CUST1399,Male,53,0,37249.93,4,0,1,77492.8,0
CUST1400,Female,64,2,173853.91,1,0,1,123637.44,0
CUST1401,Female,39,8,186481.3,3,1,0,114150.23,0
CUST1402,Male,51,6,245492.3,1,1,0,109752.74,0
CUST1403,Male,64,6,52460.5,4,1,1,64270.83,0
CUST1404,Female,25,3,206282.67,3,0,1,124645.28,0
CUST1405,Female,57,1,130074.14,2,0,1,26810.87,1
CUST1406,Female,66,3,93365.65,3,0,1,40751.24,0
CUST1407,Female,61,5,30594.19,4,0,1,63631.03,1
CUST1408,Female,36,2,183876.4,3,0,0,29984.97,0
CUST1409,Female,59,0,58964.4,1,1,0,50549.26,1
CUST1410,Male,58,7,92855.5,2,0,0,127919.63,0
CUST1411,Female,54,4,15635.56,2,0,1,143272.7,0
CUST1412,Female,23,4,200341.73,2,0,1,59598.31,0
CUST1413,Male,69,3,191647.13,4,0,1,54387.05,0
CUST1414,Male,43,5,183403.96,4,0,1,56386.04,0
CUST1415,Male,51,2,74860.88,2,1,0,56103.48,1
CUST1416,Male,62,8,43370.02,3,0,0,24670.92,0
CUST1417,Female,23,4,159388.32,2,0,1,140499.13,0
CUST1418,Female,54,2,124041.6,3,0,0,47780.76,1
CUST1419,Female,50,0,44563.12,3,1,0,74600.53,0
CUST1420,Female,39,9,171477.82,4,1,1,21259.29,1
CUST1421,Female,38,5,247781.61,3,1,1,131534.16,1
CUST1422,Female,23,1,186804.9,2,0,1,115050.45,0
CUST1423,Male,23,2,184996.6,4,1,1,143078.28,1
CUST1424,Female,65,0,237578.19,1,0,1,121610.01,0
CUST1425,Male,21,8,50734.09,1,0,1,60781.85,1
CUST1426,Male,47,7,141387.49,4,1,0,52223.54,0
CUST1427,Female,28,1,244911.68,2,0,0,110703.12,0
CUST1428,Male,47,7,41323.53,1,0,1,67334.66,1
CUST1429,Female,48,8,175062.99,1,0,0,93607.95,1
CUST1430,Male,41,0,146452.54,3,1,1,20813.47,0
CUST1431,Female,26,4,146619.77,3,0,1,28045.14,0
CUST1432,Male,20,7,174417.66,2,0,1,89597.83,0
CUST1433,Female,68,1,232404.23,4,1,1,93589.31,0
CUST1434,Female,48,3,195645.48,2,0,0,117688.88,0
CUST1435,Female,57,6,14034.03,4,0,1,37155.49,0
CUST1436,Female,54,2,213182.0,1,1,0,86713.8,1
CUST1437,Female,53,4,56385.33,3,0,1,45278.19,1
CUST1438,Male,41,7,94228.54,2,0,1,32115.5,0
CUST1439,Male,48,9,115433.2,2,0,1,73364.45,1
CUST1440,Male,23,2,120226.5,4,0,0,41233.76,0
CUST1441,Female,19,3,108795.1,4,0,1,48831.66,0
CUST1442,Male,37,8,234338.32,2,1,1,61282.1,0
CUST1443,Female,45,6,176504.75,4,1,1,53720.49,0
CUST1444,Female,28,0,157792.66,2,1,0,31386.87,0
CUST1445,Male,21,3,12460.51,2,1,0,31689.11,0
CUST1446,Male,32,3,225978.33,2,0,0,45122.42,0
CUST1447,Female,23,8,227347.55,1,0,1,26572.69,1
CUST1448,Male,66,5,195053.27,4,0,0,101439.41,0
CUST1449,Female,47,8,1757.3,3,0,1,57352.47,0
CUST1450,Female,55,5,14320.06,3,0,0,56366.98,0
CUST1451,Female,68,5,56305.93,4,1,0,63159.78,0
CUST1452,Female,19,4,32837.35,2,1,1,106163.52,0
CUST1453,Female,32,4,99709.01,3,0,0,133182.4,1
CUST1454,Male,28,1,230655.76,3,0,1,118681.3,0
CUST1455,Male,25,7,118015.11,4,0,1,114578.8,0
CUST1456,Female,43,7,3350.66,3,1,0,82970.85,1
CUST1457,Female,68,0,70686.42,2,0,1,110194.72,0
CUST1458,Male,62,7,11148.73,4,0,1,91859.11,0
CUST1459,Male,61,4,9071.91,2,0,0,48112.57,0
CUST1460,Female,22,1,68929.96,3,1,0,47116.49,0
CUST1461,Male,23,1,68903.08,3,0,1,58530.96,0
CUST1462,Female,43,5,196781.65,2,1,0,138404.35,0
CUST1463,Male,21,8,243708.66,1,1,1,91163.93,0
CUST1464,Female,36,0,92801.77,3,1,1,115407.7,0
CUST1465,Male,37,5,107221.72,1,1,0,65052.64,0
CUST1466,Female,50,8,211197.36,3,1,0,73003.05,0
CUST1467,Male,37,7,67034.76,1,1,0,36323.53,0
CUST1468,Male,66,5,39095.45,1,0,0,42268.34,0
CUST1469,Female,29,2,213272.41,1,0,1,127556.35,1
CUST1470,Male,64,7,11625.15,2,0,1,96029.02,0
CUST1471,Female,18,8,154924.86,1,1,0,63879.22,0
CUST1472,Male,43,0,140498.21,1,0,0,124370.66,0
CUST1473,Female,31,8,86480.11,1,1,1,52047.59,0
CUST1474,Male,55,5,78797.38,3,1,1,146884.25,1
CUST1475,Female,54,5,192964.43,1,1,1,64826.29,1
CUST1476,Male,28,3,21606.15,3,0,1,63850.42,0
CUST1477,Female,53,0,59196.08,1,1,0,60548.55,1
CUST1478,Male,30,9,183112.18,1,1,1,35874.5,0
CUST1479,Female,60,7,137080.15,2,0,1,34447.83,0
CUST1480,Female,20,1,31997.05,3,0,0,104253.65,0
CUST1481,Female,50,0,220533.9,1,1,1,133765.35,1
CUST1482,Male,23,1,98361.96,3,1,1,122767.67,0
CUST1483,Female,67,0,206967.09,3,0,0,38343.99,1
CUST1484,Male,27,0,196928.25,4,0,0,90925.68,0
CUST1485,Female,22,8,156106.36,2,0,0,33726.9,0
CUST1486,Male,40,0,123620.28,2,1,1,25888.3,0
CUST1487,Female,27,3,244887.71,2,0,1,105330.16,1
CUST1488,Male,61,9,36241.27,4,0,0,89569.8,0
CUST1489,Male,19,5,181288.93,4,0,0,30663.08,0
CUST1490,Female,30,6,47797.68,2,1,1,24542.1,0
CUST1491,Male,57,1,84565.78,4,0,0,148668.33,1
CUST1492,Male,19,5,77174.69,4,0,0,23902.77,0
CUST1493,Female,37,6,236759.0,4,0,0,77788.67,0
CUST1494,Male,18,9,241839.04,2,0,1,85600.47,0
CUST1495,Male,54,9,45753.86,2,0,1,35246.42,1
CUST1496,Male,26,1,5508.79,2,1,1,41978.03,0
CUST1497,Female,34,1,180002.01,4,1,1,65734.65,1
CUST1498,Male,26,9,104497.48,2,1,1,119017.86,0
CUST1499,Female,28,6,22210.06,4,0,1,85920.72,0
CUST1500,Male,32,0,170938.53,1,1,0,102927.24,0
CUST1501,Male,41,7,136276.38,4,1,1,148072.69,0
CUST1502,Male,55,2,245129.21,3,1,1,119840.71,0
CUST1503,Female,52,5,56852.37,2,0,0,76466.99,0
CUST1504,Male,47,8,100994.47,2,0,1,78037.45,0
CUST1505,Male,48,5,135636.45,3,1,1,100440.37,0
CUST1506,Female,66,8,197925.0,4,1,0,106497.48,0
CUST1507,Male,22,6,137209.66,1,0,0,85092.42,0
CUST1508,Female,61,8,153225.04,3,0,0,103831.96,0
CUST1509,Female,67,1,56536.76,3,1,1,23059.22,0
CUST1510,Male,31,7,211729.68,4,0,0,75850.97,0
CUST1511,Female,28,7,107157.64,2,1,1,56261.95,0
CUST1512,Male,26,1,35239.91,4,0,1,36792.68,0
CUST1513,Female,51,3,166046.98,3,1,1,32941.05,1
CUST1514,Female,29,6,54022.61,3,1,1,98414.98,0
CUST1515,Male,52,3,24390.63,2,0,0,88068.07,0
CUST1516,Female,52,3,215496.73,2,1,0,52965.94,0
CUST1517,Female,18,5,115040.57,2,1,1,81223.51,1
CUST1518,Female,57,9,187320.93,4,1,0,83990.2,0
CUST1519,Female,39,5,72646.89,2,0,1,45351.17,0
CUST1520,Female,46,9,196742.53,3,0,1,104772.1,0
CUST1521,Male,25,2,27983.98,3,0,1,121519.52,1
CUST1522,Female,28,8,88993.34,1,1,0,122890.26,0
CUST1523,Male,58,9,244515.45,4,0,1,98321.08,0
CUST1524,Female,54,1,198497.43,1,1,1,86513.02,0
CUST1525,Male,31,5,124313.98,3,1,0,27930.93,0
CUST1526,Male,47,6,84944.37,1,0,0,57418.07,1
CUST1527,Female,52,8,218033.93,3,0,0,32125.29,1
CUST1528,Female,38,2,136211.94,1,1,0,145297.01,0
CUST1529,Female,54,9,189606.25,2,1,1,37560.42,0
CUST1530,Male,22,2,188526.92,1,0,0,39730.8,0
CUST1531,Female,36,6,4486.42,2,0,1,135644.96,0
CUST1532,Male,31,3,31563.45,2,0,0,142710.68,0
CUST1533,Male,43,7,164907.34,4,1,0,119557.78,1
CUST1534,Male,21,6,40404.95,2,1,0,20702.64,1
CUST1535,Female,42,4,63873.34,2,1,0,20175.02,0
CUST1536,Female,62,6,236659.49,1,1,0,69153.1,0
CUST1537,Male,59,2,140045.56,3,1,0,38641.4,1
CUST1538,Male,42,1,187682.38,4,0,1,22390.2,1
CUST1539,Female,35,5,139495.18,2,0,0,80328.67,0
CUST1540,Male,57,1,138128.4,4,1,0,142598.05,1
CUST1541,Female,25,2,23537.98,1,1,0,62096.54,0
CUST1542,Male,56,5,85915.8,2,0,0,105948.29,0
CUST1543,Female,57,4,70607.72,1,0,1,104790.6,0
CUST1544,Male,31,7,97682.09,4,0,0,52640.41,0
CUST1545,Female,49,8,199586.05,1,0,0,104555.28,0
CUST1546,Male,68,2,92983.17,4,1,0,47603.42,1
CUST1547,Female,55,9,112924.2,1,0,0,35860.96,0
CUST1548,Female,50,2,99345.35,4,1,1,111179.83,0
CUST1549,Male,40,2,23351.99,3,0,0,34747.31,0
CUST1550,Male,32,5,110268.04,1,0,1,149598.2,0
CUST1551,Female,50,0,48902.32,1,0,0,43848.81,1
CUST1552,Male,42,6,46680.82,3,1,1,97238.44,0
CUST1553,Female,34,0,23509.03,3,1,1,73478.69,0
CUST1554,Male,50,4,89167.74,1,0,0,36430.23,0
CUST1555,Female,64,9,189370.47,3,1,0,23619.71,0
CUST1556,Female,19,7,69110.42,2,1,1,100955.2,0
CUST1557,Female,31,3,78087.28,4,0,1,124878.48,0
CUST1558,Female,57,4,160668.66,4,0,0,129462.04,0
CUST1559,Female,57,3,48960.2,4,1,1,82752.75,1
CUST1560,Female,68,3,224239.48,2,1,1,121069.21,0
CUST1561,Male,56,7,130047.63,3,1,1,107470.13,1
CUST1562,Male,68,1,111900.74,3,0,0,114153.09,1
CUST1563,Male,23,0,139455.05,1,0,1,84037.87,1
CUST1564,Female,23,2,41508.58,3,1,1,102343.53,0
CUST1565,Female,20,8,153368.28,1,0,1,124718.37,0
CUST1566,Female,24,3,90775.18,2,0,0,71724.94,0
CUST1567,Female,68,9,224296.59,4,1,0,124777.26,1
CUST1568,Male,25,4,42213.55,4,1,1,96962.19,0
CUST1569,Male,59,1,126762.78,4,0,0,41567.13,1
CUST1570,Female,69,3,149528.16,3,0,1,23208.94,0
CUST1571,Male,32,1,8345.9,1,1,0,67157.97,1
CUST1572,Male,64,1,90923.28,1,0,0,91070.52,1
CUST1573,Female,46,3,183158.81,2,0,1,129176.65,1
CUST1574,Male,50,5,205094.38,3,1,0,36573.14,0
CUST1575,Female,69,6,78290.5,2,1,0,124026.83,0
CUST1576,Male,47,9,199648.32,1,0,0,132191.18,0
CUST1577,Female,56,2,241938.97,1,0,1,39589.37,0
CUST1578,Female,44,2,214218.48,4,0,0,130707.26,0
CUST1579,Female,53,9,29411.0,3,1,0,148888.96,0
CUST1580,Female,46,5,184932.58,1,0,1,114489.05,1
CUST1581,Male,55,2,79916.71,4,0,0,122020.06,1
CUST1582,Female,50,1,247104.0,3,1,0,149273.98,0
CUST1583,Female,54,7,121339.75,2,1,0,98712.56,0
CUST1584,Female,44,4,30608.47,3,0,0,60025.23,0
CUST1585,Male,50,0,181296.39,3,1,0,128879.01,1
CUST1586,Female,21,2,80752.8,1,1,1,99883.15,1
CUST1587,Male,39,9,249269.54,1,0,1,95555.41,1
CUST1588,Female,19,7,244945.61,3,1,0,52972.62,0
CUST1589,Male,27,3,164033.5,1,1,0,118323.46,0
CUST1590,Male,22,6,32456.61,1,0,0,30616.75,0
CUST1591,Female,27,9,171715.25,1,1,1,140157.32,0
CUST1592,Male,50,1,23257.62,4,0,1,62357.05,0
CUST1593,Female,55,6,7341.04,4,0,0,36610.7,0
CUST1594,Female,30,4,205739.61,3,1,0,77507.65,0
CUST1595,Female,48,4,52438.24,1,1,1,25521.09,1
CUST1596,Male,64,5,94756.78,4,1,0,109001.41,0
CUST1597,Male,53,8,243364.35,3,0,1,137351.72,1
CUST1598,Female,62,5,84210.13,1,1,1,128844.19,0
CUST1599,Female,41,7,74122.45,2,0,0,36558.03,1
CUST1600,Male,69,6,229552.0,1,1,1,36415.25,1
CUST1601,Female,32,8,27687.11,1,1,0,125746.48,1
CUST1602,Female,46,3,189895.6,4,1,0,140153.06,0
CUST1603,Female,25,1,247016.39,3,0,0,79887.08,0
CUST1604,Male,22,6,225324.0,3,1,0,84866.25,0
CUST1605,Male,46,5,162916.98,4,1,0,61374.07,0
CUST1606,Male,64,0,78515.2,1,0,0,136254.47,1
CUST1607,Female,21,8,63580.5,2,0,1,103837.38,0
CUST1608,Female,29,8,204813.78,1,1,1,57472.71,0
CUST1609,Female,62,1,219955.48,1,1,1,58841.77,1
CUST1610,Male,19,2,131358.73,2,1,1,135856.01,0
CUST1611,Female,44,4,61084.99,4,0,0,21772.42,0
CUST1612,Female,48,4,28235.8,3,0,1,61954.45,0
CUST1613,Female,68,0,21794.87,4,0,1,92066.37,0
CUST1614,Female,68,7,179769.36,4,0,1,39268.27,1
CUST1615,Male,53,7,105029.68,1,1,0,31972.84,0
CUST1616,Male,53,3,226339.97,3,0,1,125985.92,1
CUST1617,Female,43,6,184917.83,3,0,0,136272.57,0
CUST1618,Male,60,9,47815.1,4,0,1,127068.83,0
CUST1619,Male,44,2,153444.35,2,1,0,136842.43,0
CUST1620,Female,22,5,108876.36,4,1,0,91904.56,0
CUST1621,Female,37,9,144312.43,2,0,1,125593.56,0
CUST1622,Male,28,9,184517.28,3,0,0,69925.54,0
CUST1623,Female,27,8,201548.97,4,1,0,106614.82,0
CUST1624,Male,57,0,210934.33,1,1,1,148548.62,0
CUST1625,Female,55,4,63493.72,4,1,1,49344.6,0
CUST1626,Male,23,3,7778.9,3,1,1,70686.97,0
CUST1627,Female,25,7,184823.68,1,1,0,82406.16,0
CUST1628,Male,40,0,26585.93,1,1,0,37942.01,0
CUST1629,Male,64,8,78729.9,2,1,0,30535.02,0
CUST1630,Male,43,5,954.28,1,1,1,127863.97,0
CUST1631,Female,63,3,170417.37,1,0,0,146983.27,1
CUST1632,Male,60,8,41783.0,4,0,0,72614.26,1
CUST1633,Male,29,4,163820.6,3,0,0,31394.48,0
CUST1634,Female,43,4,247935.65,2,0,0,28555.53,0
CUST1635,Female,30,4,18167.72,4,0,0,135871.37,0
CUST1636,Male,57,0,19269.5,1,0,0,80295.85,1
CUST1637,Male,35,0,85095.02,1,1,0,61603.55,0
CUST1638,Female,42,7,216596.63,2,1,1,81939.97,0
CUST1639,Female,50,7,53882.47,3,0,1,61379.53,0
CUST1640,Female,64,5,90094.45,2,0,1,83574.65,1
CUST1641,Female,57,3,17126.35,4,1,0,131742.33,1
CUST1642,Female,60,1,190788.82,2,1,0,96999.18,1
CUST1643,Male,29,1,102076.59,1,1,1,110304.99,0
CUST1644,Female,61,8,189812.18,4,0,0,67407.19,0
CUST1645,Male,53,4,225901.96,1,1,1,116005.76,1
CUST1646,Male,65,3,58190.79,3,0,0,106660.22,0
CUST1647,Male,21,9,201849.01,1,0,0,35543.06,0
CUST1648,Female,22,0,14773.47,1,1,1,94443.57,0
CUST1649,Male,54,6,224711.85,2,1,1,53376.65,1
CUST1650,Male,25,2,162692.14,1,0,1,124532.44,0
CUST1651,Female,59,5,218556.68,4,1,1,75371.9,0
CUST1652,Male,66,4,47.1,4,1,1,149308.94,0
CUST1653,Male,45,4,42270.27,3,0,0,32025.06,1
CUST1654,Female,48,4,97439.85,4,1,0,121445.22,0
CUST1655,Male,26,0,94875.73,2,0,0,107581.23,0
CUST1656,Male,68,0,56682.6,3,0,1,119774.85,0
CUST1657,Male,46,2,95402.98,4,1,1,59978.87,1
CUST1658,Female,31,9,32212.18,2,0,1,83967.08,0
CUST1659,Female,57,3,103190.28,4,0,1,123546.11,1
CUST1660,Female,58,4,200588.58,4,1,1,50230.37,0
CUST1661,Male,39,1,119767.52,1,1,1,49384.32,1
CUST1662,Male,28,7,4500.02,4,1,0,91636.62,1
CUST1663,Female,40,1,105361.01,4,0,0,88063.27,1
CUST1664,Male,18,8,6793.75,2,0,0,56694.12,0
CUST1665,Male,63,1,241560.85,2,1,0,58749.83,1
CUST1666,Female,54,8,31863.49,1,0,0,56119.87,1
CUST1667,Female,38,6,176922.08,4,1,1,120296.57,1
CUST1668,Male,43,7,243194.08,1,1,1,104747.11,1
CUST1669,Male,63,1,206509.76,4,0,1,128214.23,0
CUST1670,Male,53,6,174828.84,3,1,1,146811.49,0
CUST1671,Female,40,5,209865.23,3,0,1,81641.36,0
CUST1672,Female,18,3,245449.67,1,0,1,28670.2,0
CUST1673,Female,68,6,155336.12,1,1,0,26252.0,0
CUST1674,Female,57,3,139796.2,1,0,1,58436.46,0
CUST1675,Male,32,1,157059.53,2,1,1,141230.8,1
CUST1676,Female,38,9,133168.97,2,0,1,88017.7,0
CUST1677,Female,64,6,158772.28,2,0,1,55332.25,1
CUST1678,Female,26,7,112460.55,1,0,0,71891.68,0
CUST1679,Female,26,1,54610.8,4,1,0,97817.36,1
CUST1680,Female,27,4,30061.81,3,0,1,104883.46,1
CUST1681,Male,69,0,17085.23,1,1,0,40009.54,1
CUST1682,Male,43,6,65828.95,2,0,0,147014.12,0
CUST1683,Female,58,7,11530.89,2,0,1,90820.39,1
CUST1684,Male,52,5,141792.69,1,1,1,37639.48,0
CUST1685,Female,69,4,70957.11,1,1,1,136172.58,1
CUST1686,Female,42,5,206133.7,2,1,1,29703.0,0
CUST1687,Male,43,1,18560.22,4,1,1,138005.61,1
CUST1688,Male,28,0,56587.87,2,1,0,149553.54,0
CUST1689,Female,55,6,182561.54,2,0,1,111056.13,0
CUST1690,Female,19,6,149702.07,1,0,1,120158.14,0
CUST1691,Female,24,9,16122.82,4,1,1,63849.37,0
CUST1692,Male,35,9,219309.86,2,0,0,142404.99,1
CUST1693,Female,44,1,219315.44,2,0,1,88862.82,0
CUST1694,Female,51,1,82602.0,3,0,1,115210.5,0
CUST1695,Female,44,0,85101.46,1,1,1,140134.0,0
CUST1696,Male,34,9,247257.09,3,0,0,146773.4,0
CUST1697,Female,60,7,156544.04,3,0,1,128316.57,0
CUST1698,Female,61,7,132829.13,2,0,1,59392.28,0
CUST1699,Male,68,0,209538.05,1,1,1,145651.18,0
CUST1700,Female,41,7,71322.58,4,0,0,101655.54,0
CUST1701,Female,42,8,107295.65,2,0,1,140983.52,0
CUST1702,Male,24,3,66944.17,4,1,1,107893.65,0
CUST1703,Female,69,0,197290.21,4,1,1,59941.07,1
CUST1704,Male,23,0,143337.34,1,0,0,68103.19,1
CUST1705,Male,41,2,164706.27,3,0,1,91561.33,0
CUST1706,Female,50,4,63076.81,1,1,1,122701.93,1
CUST1707,Female,66,4,55056.33,4,1,1,61337.73,0
CUST1708,Female,46,8,122093.66,2,1,0,95365.05,0
CUST1709,Female,60,9,184391.44,4,1,0,64931.25,0
CUST1710,Male,39,1,131309.94,2,1,1,126050.02,1
CUST1711,Female,43,1,8161.42,2,1,0,80674.65,0
CUST1712,Male,45,5,217137.88,1,1,0,29973.97,0
CUST1713,Female,67,8,16171.72,4,0,0,41586.83,1
CUST1714,Female,38,0,238956.12,3,1,1,27943.61,1
CUST1715,Female,66,8,6285.49,4,1,1,84909.38,0
CUST1716,Male,24,8,173612.61,4,0,0,33823.85,1
CUST1717,Female,34,8,20551.77,3,1,0,34838.2,0
CUST1718,Female,37,4,227669.14,1,1,0,142336.27,0
CUST1719,Female,58,8,116108.31,4,0,1,133445.16,0
CUST1720,Female,66,3,34380.94,4,1,1,78771.26,1
CUST1721,Male,37,1,85203.92,2,0,0,148154.69,0
CUST1722,Female,39,5,41206.17,4,0,0,20024.25,0
CUST1723,Male,45,3,42645.48,3,0,0,99817.33,0
CUST1724,Male,57,5,237027.08,2,0,0,100135.66,1
CUST1725,Male,66,2,111311.53,1,1,1,79467.6,0
CUST1726,Male,24,5,197200.57,2,0,0,71603.24,0
CUST1727,Male,18,1,159901.39,3,0,1,79199.81,0
CUST1728,Male,49,1,169106.59,3,1,0,73944.86,0
CUST1729,Female,30,8,32923.36,2,0,0,114964.02,0
CUST1730,Male,47,6,58546.11,1,0,0,37596.21,0
CUST1731,Male,40,2,196687.58,2,0,0,45693.1,1
CUST1732,Male,68,0,242691.55,1,0,0,43467.37,1
CUST1733,Female,36,7,65668.91,2,1,1,54121.18,1
CUST1734,Female,49,5,67892.19,3,0,0,88283.59,0
CUST1735,Male,47,6,118224.28,4,1,0,34457.14,0
CUST1736,Female,46,8,245960.08,4,1,0,132862.01,1
CUST1737,Male,66,4,67239.74,1,0,1,58657.0,0
CUST1738,Male,62,0,101742.98,1,0,1,41129.94,0
CUST1739,Female,46,9,222870.0,1,0,1,107830.77,0
CUST1740,Male,47,6,730.26,3,0,1,24951.22,0
CUST1741,Female,33,4,9941.49,2,1,0,100595.91,0
CUST1742,Female,57,2,151017.92,3,1,0,110765.8,1
CUST1743,Male,36,8,226845.04,4,1,0,47939.15,0
CUST1744,Male,35,0,59714.17,1,0,1,25455.33,0
CUST1745,Female,18,0,117410.44,2,1,0,67273.9,0
CUST1746,Male,31,0,112616.33,4,0,0,32817.25,0
CUST1747,Male,68,2,118242.84,4,0,1,35142.12,1
CUST1748,Male,64,5,155629.92,4,0,1,53053.96,0
CUST1749,Female,67,9,117435.94,3,0,1,58410.83,0
CUST1750,Female,19,2,111867.04,1,0,0,88896.14,0
CUST1751,Male,45,7,118572.11,4,1,0,108190.95,1
CUST1752,Female,66,9,147716.86,1,1,1,97060.22,0
CUST1753,Female,67,1,134251.87,3,0,0,39286.84,1
CUST1754,Female,47,8,213534.0,4,1,1,42371.18,0
CUST1755,Female,55,2,12374.21,3,0,1,134240.0,0
CUST1756,Female,68,4,208329.27,3,0,0,92585.8,1
CUST1757,Male,21,9,210981.15,1,0,1,133091.92,0
CUST1758,Male,18,7,71227.01,4,1,1,68301.05,0
CUST1759,Male,25,1,115712.99,3,0,1,99872.0,0
CUST1760,Female,46,5,109634.62,4,0,0,88076.24,0
CUST1761,Female,56,4,54627.46,1,1,1,61486.05,0
CUST1762,Male,20,9,99199.21,3,1,1,81089.0,0
CUST1763,Female,49,8,11096.94,1,1,1,85323.81,0
CUST1764,Male,27,4,69455.52,4,0,1,46100.23,0
CUST1765,Male,27,1,204170.54,4,0,1,60951.35,0
CUST1766,Male,36,4,71140.58,1,1,1,122883.27,0
CUST1767,Female,63,3,204551.67,2,0,1,139052.47,0
CUST1768,Female,51,6,132899.87,3,1,0,66773.23,1
CUST1769,Male,50,5,219965.67,4,1,0,59906.4,0
CUST1770,Male,40,1,143694.89,4,0,1,45375.63,0
CUST1771,Male,45,4,7417.06,3,0,0,108203.85,0
CUST1772,Male,49,6,168855.05,1,1,0,62002.96,0
CUST1773,Female,67,6,11213.39,1,1,1,148407.44,0
CUST1774,Female,24,4,112649.25,1,1,0,62339.02,0
CUST1775,Male,46,8,232356.67,2,1,1,71237.69,1
CUST1776,Male,25,3,41300.98,2,0,1,98433.45,1
CUST1777,Female,18,2,97468.09,4,1,1,124218.96,0
CUST1778,Female,20,3,182465.08,1,1,1,81037.43,0
CUST1779,Male,41,4,220564.64,3,1,1,74945.28,0
CUST1780,Male,40,5,167735.75,4,0,0,149432.92,0
CUST1781,Male,25,2,64543.31,3,0,1,21364.17,0
CUST1782,Female,64,1,168651.96,4,1,0,136358.49,1
CUST1783,Female,54,3,74181.91,2,0,1,39388.31,0
CUST1784,Female,20,4,179607.31,4,0,1,122170.29,1
CUST1785,Male,68,3,238508.28,2,0,1,100331.1,0
CUST1786,Male,50,2,180348.36,4,1,0,64440.15,0
CUST1787,Female,45,7,215720.13,1,1,1,133603.74,0
CUST1788,Female,64,9,525.96,3,0,1,21677.94,1
CUST1789,Male,25,3,179393.03,1,1,1,49469.78,0
CUST1790,Female,51,1,207396.89,4,1,1,93696.06,0
CUST1791,Female,52,1,10139.68,4,0,0,65700.49,1
CUST1792,Male,49,0,217899.43,4,0,1,99349.07,0
CUST1793,Female,41,3,64173.56,2,1,0,23134.33,0
CUST1794,Male,31,9,166323.03,3,0,1,35139.66,1
CUST1795,Male,49,8,200088.72,3,1,0,36522.51,0
CUST1796,Male,63,6,165666.13,4,1,0,44606.87,0
CUST1797,Male,60,9,23071.2,4,0,1,79713.09,0
CUST1798,Male,33,6,149080.38,2,1,1,117776.73,0
CUST1799,Male,21,6,137395.91,1,1,0,137720.05,1
